image,joy_rating,joy_explanation,sadness_rating,sadness_explanation,fear_rating,fear_explanation,anger_rating,anger_explanation,disgust_rating,disgust_explanation,surprise_rating,surprise_explanation,liking_rating,liking_explanation
1 1.47.27 AM.jpg,15.0,"The painting's somber color palette (dark browns, blues, and blacks) and lack of any clear or uplifting imagery do not evoke feelings of joy. The composition, while simple, does not inspire happiness or excitement. Instead, the muted tones and abstract nature of the piece suggest a more introspective or melancholic mood. The heaviness of the colors and the lack of brightness further contribute to the absence of joyful sensations.",78.0,"The painting's somber color palette, dominated by deep reds, blues, and blacks, evokes a strong sense of sadness. The lack of clear definition or discernible imagery further contributes to this feeling, creating a sense of ambiguity and unease. The way the colors bleed into one another suggests a blurring of emotions, possibly representing grief or sorrow. The overall composition appears heavy and weighted down, adding to the overall melancholic tone.",10.0,"While the painting is somber and uses dark colors, which can sometimes evoke a sense of unease, it doesn't strongly trigger fear. The color blocks are static and lack sharp edges or dynamic elements that are more typically associated with fear-inducing imagery. The colors are not particularly threatening.",15.0,"The painting evokes a sense of solemnity and contemplation, rather than direct agitation or frustration. The deep reds and blues can suggest a weighty or somber mood, but not necessarily an angry one. The lack of sharp lines or aggressive brushstrokes further diffuses any immediate sense of anger, contributing to a more subdued feeling overall. The colors themselves are not inherently angry colors, and the hazy, soft edges are not associated with strong emotions such as anger.",15.0,"The painting's colors, a dark brown and blue, aren't colors that inherently evoke disgust. The composition is also quite simple. However, there is something about the murkiness and dullness that inspires slight unpleasantness. It's not overwhelming, but I'm not excited to look at it. This mild aversion translates into a low level of disgust. It lacks any sort of vibrancy that would make it interesting, and just feels like something I'd rather not stare at. The colors are also reminiscent of something rotting.",20.0,"The painting has a very simple, minimalist composition consisting of three horizontal blocks of color, with a border of the same blue as the middle section encompassing the whole image. The colors are dark and somber with no unexpected or unusual elements. It is possible to feel surprise upon initial viewing because it is rather abstract, but after some contemplation, the painting doesn't provide anything particularly shocking or unusual, thereby reducing the degree of surprise it elicits.",75.0,"The painting is a color field painting featuring three horizontal bands of color: a dark red-brown at the top, a medium blue in the middle, and a darker blue at the bottom. The painting has a slightly muted, somber feel. I find the color composition pleasing. The subtle variations in tone within each band add depth and visual interest. The overall effect is calming and contemplative, which I appreciate. I'm not giving it a higher score simply because while I think the painting works well, I wouldn't be excited to display it."
a-grey-day-carmel.jpg,55.0,"The painting evokes a sense of joy through its depiction of a serene coastal landscape. The bright, albeit subdued, color palette featuring blues, greens, and earthy tones contributes to a peaceful atmosphere. The presence of a calm ocean with gentle waves crashing against rocks suggests tranquility, which is often associated with joy and contentment. The path in the foreground leading toward the coast, hints at exploration and connection with nature. Overall, the painting captures a moment of beauty in nature, which is a simple yet effective element for generating feelings of happiness. However, the presence of overcast weather prevents this from being a higher level of joy.",32.0,"The painting evokes a sense of melancholy sadness, primarily stemming from the muted color palette dominated by blues, grays, and subdued greens. The overcast sky and choppy water contribute to a feeling of somberness and the absence of vibrant colors or lively activity suggests a subdued emotional tone. While not overtly depressing, the painting lacks warmth and light, which generates a subtle sense of sorrow. The composition, with its vast sky and distant horizon, could also be interpreted as highlighting isolation or loneliness.",12.0,"The landscape depicted in the painting, with its rocky coastline and distant landmass, does not inherently evoke a strong sense of fear. The overall tone is calm and serene, with soft colors and brushstrokes. While the vastness of the sea might sometimes suggest a sense of vulnerability, there are no immediate threats or dangers visible in the artwork that would trigger a strong fear response. The presence of vegetation and a clear path suggest accessibility and exploration rather than isolation or dread. The somewhat subdued color palette mutes any potential intensity. The scene, though potentially isolating, does not depict any explicit dangers or threats, and is, in fact, quite placid.",5.0,"The painting is peaceful and serene. The cool colors, the gentle waves, and the soft brushstrokes do not evoke any sense of anger. The lack of harsh lines or conflict within the scene further diminishes any feeling of anger. The overall mood is calming and tranquil.",3.0,"The painting evokes a very minimal sense of disgust. The landscape isn't particularly repulsive, and the colors and brushstrokes don't suggest anything inherently unclean or decayed. The scene is a natural landscape, showing a rocky coastline and sea, with no elements that strongly elicit repulsion. The overall impression is of a natural scene depicted in a somewhat coarse manner, but it does not contain elements likely to provoke disgust. It is possible that someone might feel a faint discomfort due to the potentially harsh environment, but it's not a prominent emotion prompted by the work.",23.0,"The painting depicts a familiar scene of a coastline. The composition, with its clear layers of land, sea, and sky, is predictable. The muted color palette and loose brushstrokes, while aesthetically pleasing, don't introduce any elements that would cause surprise. The lack of any unexpected objects, unusual perspectives, or striking contrasts contributes to a low score for surprise. It's a pleasant, traditional landscape, but it doesn't challenge expectations.",88.0,"This painting evokes a sense of peacefulness and tranquility. The brushstrokes are loose and impressionistic, creating a soft, dreamlike quality. The color palette is dominated by blues, greens, and whites, which contribute to the serene atmosphere. I appreciate the artist's ability to capture the subtle variations in light and shadow, giving the scene a sense of depth and realism. The composition is well-balanced, with the coastline, sea, and sky seamlessly blending together. Overall, the painting is visually appealing and aesthetically pleasing.
The artist captured the mood of the coastal landscape perfectly, with a sense of calm and tranquility prevailing. It makes me wish I could be there, in that moment and place, taking in the fresh air and the sounds of the waves."
alya-1964 1.47.27 AM.jpg,15.0,"The colors are somewhat bright and the overall presentation is clean, but the shapes are slightly awkward, and the composition feels a little static and repetitive. There isn't really anything inherently joyful in the subject matter. The items in the image are also difficult to recognize and interpret, which limits the joyfulness.",15.0,"The image contains bright, contrasting colors (green, red, and white) arranged in a symmetrical and somewhat playful pattern. There is nothing inherently sad about the image. The repetition and symmetrical nature is more visually stimulating than evoking a feeling of sadness. The rounded shapes suggest a soft, playful quality rather than anything mournful. It is difficult to associate sadness with this image beyond a very minimal level.",1.5,"The image consists of four green shapes, each containing a red square with a white border. The shapes are symmetrical and have rounded edges, giving them a friendly appearance. The colors are basic and non-threatening. The overall composition and arrangement lack any element that would typically evoke fear. There are no elements of horror, violence, uncertainty, or darkness. Thus, the level of fear is minimal to non-existent.",5.0,"The image doesn't evoke a sense of anger. The colors are somewhat muted and the shapes are simple. There is nothing aggressive, confrontational, or upsetting about the image that would trigger an angry response. It is quite a benign, visually simple design.",5.0,"The image doesn't evoke a strong sense of disgust. While the color combination is a bit odd and the shapes are somewhat unnatural, they don't trigger any feelings of revulsion or aversion. It's mostly neutral. The high saturation is slightly unsettling, but not disgust-inducing.",10.0,"The image is quite straightforward. There is nothing unexpected or unusual about the composition, color palette, or subject matter to evoke surprise. It's a simple pattern repeated four times, easily understandable and predictable, which is why the surprise score is low.",55.0,"The image features four identical objects arranged in a grid. Each object has a green, bone-like shape with a central red square surrounded by a white border. My rating reflects the following considerations:

*   **Repetitive design:** The identical nature and grid-like arrangement contribute to a sense of order and predictability, which can be appealing but also lacks dynamism and surprise. This reduces my personal enjoyment.

*   **Color palette:** The color combination of green, red, and white is somewhat pleasing but doesn't evoke a strong emotional response. The green might be seen as a calming background, with the red as a focal point, but the white border is a bit harsh.

*   **Shape and form:** The bone-like shape of the outer green part is not especially compelling or visually interesting to me. The central square is simple and familiar, leading to a neutral or slightly negative preference.

Overall, the image is fairly simple in design, lacking a strong aesthetic appeal."
coloured-wall-2003 1.47.27 AM.jpg,60.0,"The painting evokes a sense of joy through its use of vibrant, warm colors such as oranges, yellows, and reddish-browns. The composition, resembling a wall constructed of varied blocks, creates a playful and engaging structure. The imperfect, slightly blurred edges of the blocks contribute to a softer, more approachable feeling, lessening any sense of rigidity. The variation in the colors and their placement generates a lively energy that promotes a sense of happiness and contentment. The overall effect is cheerful and aesthetically pleasing, thus contributing to a moderately high joy score.",35.0,"The painting evokes a sense of quiet contemplation and perhaps a touch of melancholy, but not overwhelming sadness. The muted, earthy tones and the slightly faded quality of the watercolor technique contribute to this feeling. The arrangement of blocks, although structured, lacks a sense of joy or vibrant energy, which could add to the somber mood. However, the use of contrasting colors like orange and teal amidst the browns and yellows prevents the image from becoming overly depressing, keeping the sadness at a moderate level. The simple, almost childlike quality of the shapes might even suggest a naive acceptance of the world's imperfections, tempering any deep sorrow.",1.5,"There is very little about this image that evokes fear. The colors are relatively muted and warm, and the composition of blocks is simple and calming. The watercolor effect gives it a soft, gentle feel. The overall effect is more of a tranquil or harmonious feeling than something that inspires fear. The slightly uneven edges of the color blocks do not convey any sense of threat or danger.",15.0,"The painting, with its gentle colors and simple geometric shapes, doesn't evoke strong negative emotions like anger. While the blocks might represent confinement or restriction to some extent, the overall effect is muted and calming, rather than aggressive or frustrating. The watercolor medium softens the edges and blends colors, further reducing the likelihood of generating anger. The lack of harsh lines or clashing colors works against this emotion. Overall, it seems a gentle piece, rather than something that would provoke any substantial anger.",5.0,"There is nothing inherently disgusting about the image. The colors are mostly muted and earthy, and the geometric forms are simple and organized. The slight imperfections in the watercolor style could be interpreted as mildly unpleasant by some, hence the low score.",30.0,"The painting, titled ""Coloured Wall,"" features a grid-like arrangement of rectangular blocks in various muted earth tones and some brighter colors like yellow. The composition is relatively straightforward, and the colors, while pleasant, are not particularly shocking or unexpected. The style, which appears to be watercolor or a similar translucent medium, is also fairly conventional. The overall effect is harmonious but lacks any jarring or unusual elements that would evoke a strong sense of surprise. While the combination of colors is interesting, it doesn't present anything novel or unexpected enough to significantly raise the surprise factor. Therefore, the surprise rating is relatively low. The slight element of surprise comes from the non-exact nature of the rectangles and the overall watery effect.",75.0,"I find the painting aesthetically pleasing, primarily because of its use of color and geometric forms. The arrangement of rectangular blocks in various warm and cool tones creates a visually engaging composition. The watercolor-like texture gives the piece a soft, almost ethereal quality, which I appreciate. The way the colors bleed into each other adds depth and interest. However, I feel it lacks a certain complexity or narrative that would elevate it further, thus stopping the rating from being higher."
explosion-lyrique-no-c-1918.jpg,65.0,"The painting's vibrant, bold colors evoke a sense of playful energy that contributes to feelings of joy. The flowing, dynamic lines and shapes suggest movement and freedom, further enhancing this sense. The subject matter appears to be a figure in motion, possibly dancing, which aligns with joyful experiences. While abstract, the overall composition leans towards conveying an uplifting and lighthearted sentiment, thus contributing to moderate joy. However, some darker tones and the somewhat distorted form mitigate a higher joy score.",35.0,"The painting evokes a moderate sense of sadness due to the somewhat somber color palette, particularly the use of blacks and blues in the lower portion of the figure's clothing. The abstracted and distorted forms may also contribute a feeling of unease or incompleteness, which, while not directly sad, lends itself to a melancholy feel. The woman's implied gesture could be interpreted as burdened or weary, furthering this sensation. However, the presence of brighter, warmer colors in the background and the implied motion prevent it from being deeply sorrowful.",15.0,"The painting does not strongly evoke fear. While the abstract style could be unsettling to some, the bright colors and somewhat human figure depicted are not inherently frightening. The lack of sharp lines, threatening imagery, or chaotic composition further reduces any potential feeling of fear. The figure appears to be moving or dancing, and this motion is not suggestive of danger or threat. Therefore, any fear evoked by this painting is minimal.",3.0,"The painting does not evoke a strong sense of anger. The bright, contrasting colors and abstract style, while potentially unsettling, don't directly translate to feelings of rage or frustration. There's no depiction of violence, conflict, or any of the typical visual cues associated with anger. The abstract nature of the subject matter also prevents any clear narrative that might elicit anger.",15.0,"The painting's abstract nature and vibrant colors prevent a strong feeling of disgust. While the figure's distorted features could potentially evoke a slight sense of unease, it's more aligned with unfamiliarity than outright revulsion. The color palette, though unusual, adds a visual appeal that offsets any potentially disgusting elements. The composition is too stylized and expressive to elicit significant disgust.",30.0,"The painting has an abstract style, with a figure surrounded by colorful, flowing lines. While the colors and brushstrokes are bold and eye-catching, they don't necessarily evoke a strong sense of surprise. There isn't an unexpected element, sudden change, or unusual combination that would elicit a jolt of surprise. The composition is somewhat chaotic, but it seems more expressive of a certain mood or feeling rather than a sudden unexpected event, so my surprise is low.",75.0,"I find the painting visually appealing due to its vibrant and expressive use of color. The artist's bold brushstrokes and abstract representation of the figure create a sense of movement and energy. I appreciate the non-traditional color palette and how it contributes to the painting's overall dynamism. While the abstraction might not be everyone's preference, I find it engaging and thought-provoking."
man-s-head.jpg,12.0,"The painting presents a rather somber and intense face, lacking in traditional elements that evoke joy such as bright colors, cheerful expressions, or lighthearted themes. The angularity and intensity in the subject's gaze seem to weigh down the mood, contributing to a low feeling of joy.",65.0,"The painting evokes a sense of sadness through several elements. The somber color palette, dominated by grays, purples, and muted yellows, creates a melancholic atmosphere. The subject's eyes, with their large, dark pupils and surrounding shadows, seem to convey a deep sense of sorrow or weariness. The fragmented and somewhat distorted features suggest a sense of inner turmoil or emotional fragmentation, further contributing to the overall feeling of sadness. Additionally, the textured brushstrokes and somewhat rough application of paint enhance the raw and vulnerable quality of the portrait, making it more emotionally resonant and sadness-inducing.",45.0,"The distorted and somewhat aggressive portrayal of the face contributes to a sense of unease and potential fear. The dark, staring eyes, coupled with the sharp, angular lines that define the face, create an unsettling effect. However, the abstract nature of the work and the use of colors that aren't entirely ominous mitigate the overall fear response. The lack of any clear threat or narrative context also prevents the image from being deeply frightening. The fear primarily arises from the unfamiliar and somewhat jarring presentation, rather than from explicit signs of danger.",35.0,"The painting evokes a mild sense of unease and discomfort, which could be interpreted as a low level of anger. The harsh lines and somewhat distorted features, particularly around the eyes and mouth, might suggest a suppressed frustration or internal conflict, rather than outright rage. The color palette doesn't seem to contribute directly to anger, but the overall texture and composition hint at an underlying tension, contributing to the moderate score. It doesn't trigger any immediate strong emotional response, but rather a subtle sense of displeasure or repressed annoyance.",25.0,"The painting does not evoke intense disgust, but there are elements that contribute to a mild sense of it. The distortions of the face, particularly the somewhat grotesque shaping of the nose and mouth with the strange colors in the mouth area, and the starkness of the eyes, create a sense of unease. The texture of the paint, which appears thick and almost crude in its application, might also contribute to a feeling of slight aversion, though the impact on the overall visual appeal is minimal. It leans more towards disorientation and artistic expression than pure revulsion.",65.0,"The unexpected color palette, with its bold use of purple, yellow, and orange against the gray and brown, immediately catches the eye and feels surprising. The almost geometric deconstruction of the face, while rooted in cubism, is executed in a unique and slightly jarring manner. The grid-like texture overlaid on parts of the face also feels unusual and adds to the element of surprise. The large, dark eyes also contribute to this effect, drawing the viewer in with an almost confrontational stare. However, it's not a complete shock because the style is somewhat familiar. It's a pleasant surprise, a deviation from the norm that sparks interest without being totally bizarre.",75.0,"I find the painting aesthetically intriguing. The cubist style and the abstract rendering of the face are captivating. The use of color, particularly the mix of grays, yellows, and purples, creates a visually stimulating contrast. The textured strokes and the grid-like patterns overlaid on the face add depth and complexity to the composition. While not conventionally beautiful, the painting holds my attention and evokes a sense of curiosity, thus my liking of 75."
movement-in-white-umber-and-cobalt-green-1950.png,25.0,"The painting evokes a sense of unease and instability rather than joy. The chaotic arrangement of lines and shapes, along with the muted color palette, lacks the vibrancy and harmony often associated with joyous emotions. While there might be some playful elements in the abstraction, overall the artwork doesn't elicit a sense of lightheartedness or happiness in me. It feels more like a deconstruction or a study than a celebration.",45.0,"The painting evokes a sense of sadness primarily through its muted color palette. The prevalence of browns, grays, and muted purples gives the artwork a somber and subdued atmosphere. The fragmented and chaotic composition contributes to the feeling of unease and disarray, which can trigger a sense of sadness. The visible brushstrokes and unfinished quality of the artwork also lend to a feeling of melancholy, as if the artist was struggling to capture a certain emotion or experience. While there is no immediately obvious source of sadness (e.g., a weeping figure), the overall mood and composition create a feeling of subdued sorrow. The angular lines and fragmented shapes suggest a sense of brokenness, which can evoke a feeling of sadness.",22.0,"The image evokes a sense of mild unease due to its fragmented, chaotic composition. The lack of clear forms and the disorienting angles create a feeling of instability, which is a characteristic of fear. However, the muted color palette, devoid of strong, contrasting hues, and the overall abstract nature of the painting mitigate any strong sense of alarm. The absence of recognizable threatening imagery, such as depictions of violence, aggression, or danger, also prevents a higher fear score. The painting feels unsettling but not overtly frightening.",15.0,"The painting evokes a very mild sense of unease rather than outright anger. The fractured, chaotic composition, with its sharp lines and clashing planes, creates a slight tension that could be interpreted as a precursor to anger, but it's too muted to be a dominant emotion. The subdued color palette, dominated by browns, whites, and muted purples, further softens any potential for anger, making it more of a feeling of confusion or mild frustration than outright rage or indignation. The dynamic composition and scattered brushstrokes could perhaps be seen as reflecting a disturbed state, but there is no direct aggressive or violent element.",2.5,"The painting evokes a very mild feeling of disgust. This is primarily due to the chaotic and somewhat jarring composition. The indistinct forms and the muddy color palette also contribute, albeit weakly. However, the overall effect is more of disinterest than true disgust. The low score reflects the very weak presence of this emotion.",45.0,"The abstract nature of the artwork, with its chaotic arrangement of shapes and colors, does elicit a moderate level of surprise. The lack of clear representation or recognizable subject matter forces the viewer to confront the unexpected and interpret the artist's intent. However, the limited color palette and generally subdued tone diminish the potential for a truly shocking or startling experience, thus a lower surprise rating. The presence of ""Marin 50"" in the corner suggests this is not random art, which mitigates against surprise too.",75.0,"This is a vibrant, semi-abstract watercolor painting. I appreciate its dynamic composition, employing a cubist-inspired fracturing of space and form. The limited palette of white, brown, and lilac-gray creates a cohesive and harmonious effect. The brushwork is loose and expressive, conveying a sense of spontaneity and energy. While the overall image is somewhat ambiguous, it evokes a sense of movement and urban landscape. I particularly enjoy the interplay of the sharp lines and geometric shapes against the softer washes of color. The overall effect is visually intriguing and aesthetically pleasing."
thursday-jeudi.jpg,35.0,"The painting uses a predominantly dark and cold color palette with shades of blue and black dominating the scene. The subject matter is abstract, with a yellow, blocky figure contrasting against the somber background. The brushstrokes appear rough, and the overall composition feels somewhat unsettling. The lack of clear, warm tones and relatable imagery doesn't invoke joy, but instead, a sense of mystery. The stark contrast of the yellow figure could be interpreted as a source of brightness in the darkness, but the overall effect is not overwhelmingly joyful.",55.0,"The painting evokes a moderate sense of sadness through its muted color palette dominated by blues and purples, which are often associated with melancholy. The abstract, almost distorted figures, particularly the yellow face with minimal features, suggest a sense of isolation and dehumanization. The lack of clear narrative or expression on the face of the central figure contributes to a feeling of emotional distance and potential sorrow. While not overwhelmingly depressing, there's a pervasive sense of somber reflection present.",40.0,"The painting evokes a sense of unease through its unusual composition, abstract shapes, and the use of a limited, cool color palette, predominantly blues and blacks. The figure with a bright yellow face and dark outlines could be perceived as menacing or alien, potentially inducing a feeling of apprehension. The darkness and the unknown forms add to the unsettling atmosphere, suggesting hidden threats or unseen dangers. However, the abstract nature and lack of clear narrative elements prevent a stronger sense of fear. The artwork is more intriguing and disorienting than genuinely frightening. It is the potential for a narrative that induces this sense of unease.",28.0,"The painting has a somewhat unsettling quality, but it doesn't evoke a strong feeling of anger. The use of dark blues could suggest a sense of unease or melancholy, which could be related to anger, but it's not directly suggestive of rage or frustration. The bright yellow figure seems out of place in the dark setting, which may convey a sense of awkwardness or confusion, but not necessarily anger. The overall composition feels more strange than aggressive.",10.0,"The painting doesn't evoke strong feelings of disgust. The abstract nature and use of vibrant colors prevent it from being repulsive. There is nothing inherently offensive or vile in the imagery, so the disgust score is low.",65.0,"The painting is unusual and unexpected. The colors, the shapes, and the overall composition create a sense of novelty, which elicits a feeling of surprise. I am surprised by the starkness of the colors against the dark background, and the abstraction of the shapes also leads to a moderate sense of surprise. The painting is not overly realistic or conventional, so it generates a sense of novelty and wonder, which further increases the feeling of surprise.",75.0,"I find the painting visually striking due to its bold use of color and abstract shapes. The contrasting colors of yellow, blue, and white create a strong visual impact, while the simple yet interesting forms draw me in. The composition feels balanced, and the overall effect is somewhat mysterious and intriguing. I appreciate the painterly quality and expressive brushstrokes, which give the artwork a sense of depth and texture. It is aesthetically pleasing, therefore, I give it a score of 75."
transparent-in-perspective-grooved-1921(1).jpg,65.0,"The painting evokes a moderate sense of joy. The bright colors (yellow, orange, blue), while not overly saturated, contribute to a feeling of lightheartedness and playfulness. The geometric forms and somewhat chaotic composition give it a lively energy that is pleasing. However, the presence of darker colors (brown, grey) and the lack of a clear focal point prevent it from evoking a stronger sense of pure joy. The overall transparency effect and the open, airy feel add to the joyful atmosphere.",30.0,"The painting evokes a subdued sense of sadness. The use of muted colors such as browns and grays, combined with the fragmented and chaotic arrangement of shapes, creates a feeling of unease and instability. There's no single focal point, which might contribute to a feeling of disorientation and perhaps a sense of loss. The ""transparent"" or ""perspective-laden"" style in the title suggests a fleeting or incomplete view, which adds to a feeling of something missing or unobtainable. However, the splashes of red and yellow hint at some brightness, and the geometric structure provides a degree of order that prevents a truly overwhelming feeling of sadness. Therefore, it's a moderate, not an intense, sadness.",12.0,"The image, ""Transparent-perspectivisch gef√ºgt (I),"" by Paul Klee, evokes a very minimal sense of fear. The geometric shapes and transparent layers create a sense of instability and potential chaos, but this is largely tempered by the bright colors and playful composition. The lack of clear narrative or threatening imagery greatly reduces any potential for fear. The overall impression is more of abstract complexity than anything truly unsettling or frightening.",15.0,"The artwork's abstract nature, with its geometric shapes and muted color palette, does not evoke intense feelings of anger. There is some tension in the overlapping lines and fragmented composition, suggesting mild unease, but the colors are too desaturated and the forms too ambiguous to generate a strong feeling of anger. The overall impression is one of intellectual curiosity and restrained emotion rather than rage or fury.",2.0,"The disjointedness and lack of clear representation don't evoke any strong revulsion. While the brown and red colours used could be seen as slightly unappetizing in certain contexts, the overall effect isn't unpleasant enough to trigger any significant sense of disgust. The abstract nature makes it difficult to associate with anything inherently disgusting.",72.0,"The painting evokes a moderate-to-high level of surprise due to its unconventional and somewhat chaotic arrangement of geometric forms. The transparency effects and overlapping lines create a sense of disorientation, challenging traditional spatial understanding. The combination of vibrant colors and abstract shapes further contributes to the unexpected visual experience. While there are familiar elements like building structures, the deconstructed and reassembled perspective creates a unique and somewhat jarring experience that sparks a genuine sense of surprise. It is not profoundly shocking, but certainly intriguing and unusual.",78.0,"The painting has a unique charm due to its abstract and fragmented composition. The use of transparent and overlapping geometric shapes creates a sense of depth and visual interest. The color palette, with its blend of warm oranges and browns contrasted with cool blues and yellows, is pleasing and well-balanced. The hand-drawn lines and the overall slightly imperfect execution lend a sense of character and personality to the work. However, the somewhat chaotic nature of the composition prevents me from rating it higher, as the lack of a clear focal point can be slightly disorienting."
untitled-1885.jpg,35.0,"The painting evokes a sense of tranquility and calmness due to its muted colors and serene depiction of boats in the harbor. The light brushstrokes and impressionistic style create a dreamy, atmospheric quality. While there is a gentle beauty, the somber tones and lack of vibrant colors keep it from eliciting strong joy. The painting is more likely to inspire feelings of peace or nostalgia rather than exhilaration.",45.0,"The painting evokes a sense of subdued sadness due to its muted color palette and the depiction of ships at rest in the harbor. The grey, overcast sky and the lack of vibrant colors contribute to a melancholic atmosphere. The detailed rendering of the ships, especially their bare masts and rigging, suggests a quiet stillness, perhaps reflecting the end of a journey or a period of inactivity. This sense of stillness, while visually appealing, also contributes to a feeling of loneliness and a subtle sense of sadness. The lack of visible human activity further amplifies this feeling.",15.0,"There is a lack of visual elements in this painting that evoke a sense of fear. The sky, although perhaps cloudy, isn't particularly threatening. The ships, while possibly imposing in real life, are depicted in a way that feels calm and static. The scene as a whole is somewhat muted and lacking any strong indication of danger or threat. Perhaps if the ships were being tossed around in a storm, or there was another source of darkness and danger, my perception would be different. However, the peaceful impression I am given here is quite the opposite of something scary or anxiety-inducing.",12.0,"The painting evokes a sense of tranquility and calmness with its soft colors and depiction of boats at rest. The brushstrokes are gentle, and the overall atmosphere is peaceful. There is no element within the artwork that would suggest any level of anger.",5.0,"The painting does not evoke any strong feelings of disgust. The harbor scene, even with its potential for pollution and decay, is presented in a way that is aesthetically pleasing and does not trigger revulsion. The muted color palette and the artistic style lend a sense of serenity rather than unease. There are no elements within the painting, such as rotting matter or overt displays of uncleanliness, that would lead to a feeling of disgust.",4.0,"This painting evokes very little surprise. The subject matter of a harbor scene with ships is quite conventional, and the impressionistic style, while beautiful, is not unexpected. The color palette and composition are harmonious and predictable, lending to a sense of calm familiarity rather than shock or unexpectedness. There are no unusual elements that might cause a viewer to feel taken aback or astonished. The painting possesses an aesthetic appeal but does not introduce any new perspectives or visual jolts that could generate surprise.",78.0,"The painting evokes a sense of nostalgia and tranquility. I enjoy the Impressionistic style, with its loose brushstrokes and emphasis on capturing the atmospheric conditions. The depiction of the harbor, with its ships and buildings, is visually appealing. The muted color palette creates a peaceful and serene mood. While the composition may not be groundbreaking, it is nonetheless pleasing to the eye. The overall effect is one of quiet beauty, which resonates with me on a personal level. I like the balance between the sky and the water, and the way the clouds are rendered adds depth to the scene. The boats are realistically portrayed and give the painting a sense of life."
