image,image_category,anger_rating,anger_explanation
01Klimt-Beethovenfries.png,leslie,3.0,"The emotion of anger is almost entirely absent from Gustav Klimt's ""Beethoven Frieze"" as depicted in this image. The dominant human figures, particularly the embracing couple on the right, convey a profound sense of peace, fulfillment, and love, with serene expressions and gentle postures. The figures on the left, representing ""The Longing for Happiness,"" are depicted with closed eyes and calm countenances, some offering flowers, suggesting yearning or contemplation rather than any form of rage or frustration. Even the figures to the far right, which are part of ""Sickly, Weak Humanity,"" appear resigned, suffering, or listless, but not actively angry.

While the ""Hostile Powers"" section (the golden archway and the figures within and around it) represents malevolent forces that are oppressive and menacing, they do not overtly express anger as a distinct emotion. The monstrous Typhoeus figure, though symbolizing destructive might, is more grotesque and fearsome than directly angry in its expression. The surrounding Gorgons and the abstract patterns of disease, madness, and death evoke a sense of dread and struggle, but the visual language does not portray an outward burst of anger from these forces, nor from any of the human figures reacting to them. There are no furrowed brows, contorted faces, aggressive gestures, or active confrontational stances that would typically signify anger. The conflict is more symbolic and spiritual, a struggle between purity and corruption, rather than a display of raw emotional fury. The very low score reflects the near complete absence of visual cues for this specific emotion."
07Monet-nympheas.jpg,leslie,0.1,"This painting, Claude Monet's ""Bridge over a Pond of Water Lilies,"" evokes virtually no sense of anger. The primary emotional register of the work is one of profound tranquility, peace, and natural beauty. The subject matter itself—a serene garden with a gentle bridge, lush foliage, and calm water adorned with water lilies—is inherently non-confrontational and devoid of any elements that would incite or reflect anger.

The color palette, dominated by varying shades of green, with soft highlights of yellow, white, and subtle pinks, is harmonious and soothing. There are no harsh, clashing colors, intense reds, or dark, oppressive tones that might suggest aggression or fury. The light, depicted as dappled and diffused, creates a gentle, almost dreamlike atmosphere rather than one of sharp, agitated contrast.

Monet's impressionistic brushwork, while dynamic in its capture of light and texture, is loose and fluid, conveying a sense of organic growth and natural flow rather than tension, struggle, or discord. There are no sharp, jagged lines, violent strokes, or chaotic compositions that could visually translate to an angry state. The overall composition is balanced and inviting, drawing the viewer into a calm, contemplative space. There is an absolute absence of any visual cues, narrative elements, or emotional tension that would align with the feeling of anger."
100painting-04.jpg,leslie,0.0,"The painting presents a serene and idyllic natural landscape. It features majestic, snow-capped mountains under a clear blue sky with soft, wispy clouds, a tranquil turquoise lake reflecting the sky, and lush green forests and foreground foliage. Every element in the composition—from the gentle, flowing lines of the mountains to the calm surface of the water and the soft textures of the trees—contributes to an overwhelming sense of peace, harmony, and tranquility. There are no harsh lines, dissonant colors, aggressive forms, or any subject matter that could possibly evoke feelings of anger. The scene is devoid of any tension, conflict, or visual cues associated with this emotion. Therefore, the presence of anger is entirely absent in this artwork."
103red-plum-painting-water.jpg,leslie,0.0,"There is absolutely nothing within this painting that elicits or suggests the emotion of anger. The subject matter, a single plum or similar fruit, is inherently benign and commonplace, devoid of any aggressive, confrontational, or disturbing qualities. The composition is simple, balanced, and focused, presenting the fruit in a straightforward and realistic manner without any elements that could be perceived as jarring or unsettling. The color palette consists of warm, earthy tones – rich reds, oranges, and browns – which are harmonious and inviting, rather than harsh, clashing, or indicative of agitation. The soft lighting and smooth transitions contribute to a sense of calm and stillness. There are no sharp lines, violent actions, distorted forms, or symbolic representations that could be interpreted as angry or cause a feeling of anger in the viewer. The presence of what appears to be condensation or water droplets around the fruit evokes freshness and naturalness, not frustration or rage. The overall impression is one of quiet contemplation, realism, and aesthetic appreciation, which are antithetical to the experience of anger."
104Strawberries_oil_painting_by_belka10.jpg,leslie,0.1,"There is virtually no element within this painting that elicits or conveys the emotion of anger. The subject matter itself – a bounty of ripe, red strawberries – is inherently associated with positive feelings such as sweetness, freshness, and abundance. The vibrant red hues, while a color that can sometimes be linked to anger, are here purely indicative of the fruit's ripeness and natural state, evoking warmth and natural beauty rather than aggression or hostility. The green stems and leaves further reinforce a sense of organic growth and vitality. The composition is harmonious, with the strawberries densely packed but appearing orderly and inviting, not chaotic or turbulent. There are no sharp, jagged lines, violent brushstrokes, or distorted forms that might suggest agitation or rage. The lighting is soft and natural, highlighting the textures of the fruit without creating harsh contrasts or dramatic shadows that could imply tension or conflict. The overall impression is one of simple beauty and pleasantness, making any association with anger completely absent."
111abstract.jpg,leslie,78.0,"The painting strongly evokes a sense of raw, turbulent energy, which resonates significantly with the feeling of anger. The dominant use of deep black in the lower central area creates a heavy, almost oppressive weight, often associated with negative or intense emotional states. This black mass is violently contrasted by sharp, jagged bursts of stark white and striking metallic gold. These aggressive, almost slashing brushstrokes, particularly the golden and white lines that cut across and emanate from the dark core, convey a sense of explosive force and disruption. The chaotic and dynamic composition, with its vigorous impasto and gestural marks, suggests an uncontrolled release of energy, akin to a sudden outburst. The visible texture of the paint adds a visceral, almost tactile quality to this raw emotional expression. While abstract, the forceful application of paint, the stark contrasting colors, and the overall tumultuous visual narrative powerfully communicate intensity, conflict, and a potent, unsettling energy that aligns closely with the experience of anger. The grey background, rather than calming, often appears like a turbulent, stormy sky, further amplifying the sense of agitation and unrest."
114Degas Dancers pastel 1899.jpg,leslie,0.0,"The painting exhibits no visual cues that would suggest the emotion of anger. The figures, likely dancers, are depicted in moments of quiet absorption, stretching, or introspection. Their body language is devoid of any tension, aggression, or confrontational stances commonly associated with anger; there are no clenched fists, rigid postures, or defiant gestures. Furthermore, the visible facial expression of the dancer on the left conveys a sense of effort, release, or perhaps weariness, but certainly not rage or frustration. The color palette, dominated by soft pastels and earthy tones, lacks the harshness, fiery reds, or stark contrasts often employed to evoke intense emotions like anger. The overall atmosphere is one of observation and quiet focus, entirely lacking any indication of discord, resentment, or explosive emotion."
115broadway.jpg,leslie,0.0,"The painting ""Broadway Boogie Woogie"" by Piet Mondrian displays a highly organized and rhythmic grid composition utilizing primary colors (yellow, red, blue) along with white and some gray. There are no visual elements within this work that convey or evoke anger. The precise geometric forms, orderly arrangement of lines and squares, and bright, clear color palette contribute to an overall sense of dynamism, vitality, and even joy, rather than any form of negative emotion like anger. There are no chaotic or disruptive brushstrokes, jarring color combinations that clash aggressively, or forms that suggest conflict or agitation. The rhythm created by the alternating blocks of color and broken lines is more akin to music or the energetic pulse of a city, which are not typically associated with feelings of rage or frustration. The red squares, while a color sometimes associated with anger, are used here as part of a harmonious, balanced, and vibrant system, not as an overwhelming or aggressive force. The painting's controlled structure and lively movement preclude any sense of fury, irritation, or hostility."
120step_by_step.jpg,leslie,0.0,"This painting evokes absolutely no sense of anger. The subject, a small Yorkshire Terrier, is depicted with a gentle, somewhat soft and amiable expression. Its eyes are wide and placid, lacking any furrowed brows, narrowed pupils, or intense gaze that might suggest displeasure or aggression. There are no bared teeth or tense facial muscles. The dog's posture is calm and still, without any signs of agitation, tension, or an impending aggressive stance. Furthermore, the color palette, while rich with browns, oranges, and some cool blues and purples in the background, is harmonious and warm, not employing harsh, clashing, or violently intense hues that might visually convey anger. The loose, painterly brushstrokes create a soft and approachable texture, again contrasting sharply with any visual representation of anger which might employ sharp, jagged lines or forceful application. The overall impression is one of tranquility and even endearment, completely devoid of any emotional characteristics associated with anger."
122acrylic-painting.jpg,leslie,0.0,"The painting evokes a strong sense of peace, tranquility, and natural beauty, with absolutely no discernible elements that would provoke or represent anger. The scene depicts a serene rural landscape in what appears to be autumn, characterized by warm, inviting colors like the bright oranges and yellows of the tree foliage, contrasted with calming blues of the sky and the barn. The winding path adds a gentle, meandering quality, and the distant church steeple further reinforces a sense of quiet community and harmony. There are no harsh lines, aggressive brushstrokes, chaotic compositions, or foreboding colors that might suggest conflict, agitation, or rage. The overall atmosphere is one of stillness and pleasant contemplation, diametrically opposed to any feeling of anger."
127Raphael.jpeg,leslie,0.1,"My evaluation of anger in response to this painting is exceptionally low, verging on nonexistent. The primary subject, Baldassare Castiglione, is depicted with an extraordinarily composed and serene expression. His eyes convey intelligence and dignity, rather than any trace of agitation, frustration, or hostility. There is no furrowing of the brow, clenching of the jaw, or tightening of the lips that would indicate inner turmoil or outward aggression. Furthermore, the overall atmosphere of the portrait is one of profound calm and intellectual contemplation. The muted, earthy color palette, dominated by rich blacks, browns, and whites, contributes to a sense of stability and harmony, lacking any jarring reds or sharp contrasts often associated with intense negative emotions like anger. The soft, natural light illuminates his features gently, accentuating his thoughtful demeanor rather than highlighting any strained or confrontational aspects. The elegant composition and refined brushwork also foster a feeling of classical balance and tranquility, entirely devoid of any visual cues that might stir feelings of indignation, resentment, or rage in the viewer. There is no narrative element within the portrait to suggest conflict, injustice, or any situation that would naturally provoke an angry reaction. Consequently, the painting does not present any visual or thematic information that would lead one to experience or associate it with the emotion of anger."
130woodblock1.jpg,leslie,0.0,"The painting evokes a sense of tranquil isolation or the quiet determination of travel in a winter landscape, rather than any strong emotional outbursts. There are absolutely no visual cues within the composition that would suggest anger. The figures, though small and indistinct, appear to be simply enduring or navigating the cold environment; their postures convey effort or perhaps resignation to the elements, not hostility or frustration. There are no clenched fists, aggressive stances, furrowed brows (which are not visible anyway), or signs of conflict between any subjects. The landscape itself is serene, with smooth snowy hills and a calm river. The bare tree on the right, while stark, is a natural element of a winter scene and does not carry an angry connotation. The color palette of cool blues, whites, and muted grays further contributes to a sense of calm or chill, entirely devoid of the fiery, turbulent, or agitated tones often associated with anger. The overall impression is one of peaceful, albeit challenging, transit, leaving no room for an interpretation of anger."
131landscape.jpeg,leslie,0.0,"My emotional response to this painting registers absolutely no anger whatsoever. The artwork's monochromatic palette, dominated by varying shades of black ink on a light ground, lacks any vibrant or aggressive colors (such as deep reds or oranges) typically associated with feelings of rage or fury. The subject matter itself—a serene landscape of towering, mist-shrouded mountains, flowing water, and scattered trees—is inherently peaceful and contemplative. There are no depictions of conflict, destruction, or chaotic human or natural events that might stir feelings of indignation or frustration. The composition flows with a gentle, harmonious rhythm, guiding the eye smoothly through the valleys and peaks, rather than presenting jarring or disruptive elements. The brushwork, while expressive, conveys a sense of calm mastery and fluidity, entirely devoid of any agitated or violent strokes. The overall atmosphere evoked is one of profound tranquility, solitude, and natural beauty, which stands in stark opposition to any sensation of anger or irritation."
134DiegoRivera_DreamCenter.jpg,leslie,62.5,"The painting, while presenting a fantastical ""dream"" scenario, is deeply steeped in Mexican history and social commentary, which inherently carries a strong undercurrent of anger, particularly righteous indignation against injustice and oppression.

Firstly, many of the historical figures depicted evoke periods of significant conflict, inequality, and authoritarian rule. The presence of figures like Porfirio Díaz, the autocratic president, implicitly brings to mind the anger of the people he oppressed during his long reign. Similarly, the sight of a man on crutches, likely a veteran of the Mexican Revolution or other conflicts, evokes anger at the cost of war and societal suffering.

Secondly, Diego Rivera, the artist, was a committed communist and social critic. His inclusion of figures like La Catrina, a satirical representation of upper-class Mexican women, is a sharp critique of vanity and social pretense, born from a critical, almost angry, observation of societal hypocrisy. Frida Kahlo, also a strong political voice, stands next to him, further emphasizing this critical lens. The contrast between the opulent attire of some characters and the simpler dress"
135kahlo.JPG,leslie,0.5,"The emotion of anger is virtually absent from Frida Kahlo's ""The Bride Frightened at Seeing Life Opened."" There are no visual cues within the painting that suggest rage, fury, resentment, or any form of aggressive emotion.

*   **Color Palette and Tone:** The colors are vibrant and natural, reflecting the fruits and natural elements. There are no harsh, clashing reds or deep, brooding blacks typically associated with anger or conflict. The overall tone is one of light and life, even with the underlying theme of fear.
*   **Brushwork:** The brushstrokes are controlled and descriptive, focusing on rendering the textures and forms of the fruits and figures. There is no agitated, violent, or chaotic brushwork that would convey a sense of inner turmoil or outward aggression.
*   **Figurative Expression:** The primary figures that might convey emotion are the doll (the ""bride"") and the coconut with a face. The doll's posture and facial expression clearly communicate fright and recoiling, as directly stated in the title. She is startled by ""life opened,"" not angered by it. The coconut's face appears sad, vulnerable, or scared, not angry or defiant. The owl observes impassively.
*   **Symbolism of ""Opened Life"":** The cut fruits (watermelon, papaya) symbolize vulnerability, revelation, or the exposure of inner truth and life. This act of ""opening"" is presented as something frightening to the bride, not as an act of angry destruction or a source of rage. There's no sense of violence in the cuts, but rather a display of ripeness and abundance.
*   **Overall Mood:** The dominant emotional atmosphere of the painting revolves around fear, vulnerability, contemplation, and perhaps a bittersweet sense of reality. These emotions are distinctly separate from anger. There is no tension or conflict depicted that would evoke an angry response in the viewer or represent anger within the scene itself.

Given the complete lack of any visual or thematic indicators of anger, the score remains extremely low, acknowledging only the near-impossibility of a work of art being absolutely 0 for any given emotion, but functionally indicating its absence."
136ship.jpg,leslie,0.0,"There is absolutely no indication of anger within this painting. The central figure, a woman on a ship's deck, exhibits a serene and contemplative expression as she gazes out at the distant city and water. Her posture is relaxed, leaning gently on the railing, and her body language conveys composure rather than any tension associated with anger. Her face is calm, without furrowed brows, tightened lips, or any other visual cues of displeasure or fury. The scene itself is tranquil, depicting a calm body of water, distant boats, and flying gulls, which contributes to an overall peaceful atmosphere. There are no elements within the composition, such as harsh colors, aggressive lines, or confrontational subjects, that would evoke or represent anger. The presence of delicate flowers on the deck chair further enhances a sense of beauty and quiet reflection, entirely counter to any feeling of anger."
137girl.jpeg,leslie,0.0,"As an art expert observing this painting, I find absolutely no discernible elements that evoke or represent the emotion of anger. The subject's facial expression is one of serene contemplation or pensive thought, characterized by a soft gaze directed outwards and relaxed features; there is no tightening of the jaw, furrowing of the brow, or tensing of the lips that would signify irritation, frustration, or rage. Her pose, with a hand gently supporting her chin, conveys a sense of quiet reflection rather than any aggressive or agitated stance. Furthermore, the vibrant and luminous color palette, dominated by warm yellows and whites against a lively, impressionistic background, contributes to an overall feeling of lightness and aesthetic pleasure, which is antithetical to the visual language often associated with anger (e.g., harsh reds, deep shadows, violent strokes). The brushwork, while energetic, remains fluid and expressive, lacking any sharp or disjointed qualities that might suggest internal turmoil or hostility. In essence, every visual cue within this composition points away from anger, leaving this emotion entirely unrepresented within the artwork."
138field.jpg,leslie,0.0,"As an art expert observing this painting, I find absolutely no visual cues or thematic elements that evoke or represent anger. The scene depicts two women walking alongside a tranquil river in a serene, pastoral landscape. Their facial expressions are calm and composed, showing no signs of distress, frustration, or indignation. Their body language is relaxed, with no clenched fists, tense shoulders, or any posture indicative of agitation. The small animal accompanying them also appears docile and unbothered. The surrounding environment is idyllic and peaceful, with lush green hills, a calm body of water, and a soft, diffused light, all contributing to an atmosphere of tranquility rather than conflict or discord. There are no harsh lines, aggressive brushstrokes, or jarring color combinations that might subtly suggest underlying tension or rage. The predominant greens, blues, and earth tones are soothing and harmonious. Furthermore, there is no narrative element within the painting that hints at any kind of injustice, struggle, or confrontation that might elicit a feeling of anger from the viewer or within the depicted scene itself. The entire composition exudes a sense of quiet contentment and natural harmony, making the presence of anger completely absent and unrepresented."
139book.jpeg,leslie,0.5,"The painting, with its abstracted yet undeniably human form, evokes a profound sense of introspection, sorrow, or heavy contemplation. There are no visual cues present that would suggest anger in any form. The figure's posture is deeply inward-focused, almost collapsed upon itself, characteristic of a mind absorbed in thought or burdened by grief, rather than energized by rage or indignation. The head is bowed, the limbs seem to cradle or support the self, a gesture entirely devoid of aggression or outward frustration. There is no tension in the shoulders that suggests a readiness to lash out, no clenched fists that speak of suppressed fury, nor any sharpness in the lines that might convey explosive energy or a violent temperament. Furthermore, the earthy, muted tones and the calming blue background contribute to a somber, quiet atmosphere, which is antithetical to the often fiery and disruptive nature of anger. The overall impression is one of profound, quiet introspection or despair, making the presence of anger virtually non-existent in this composition."
140abstract.jpg,leslie,5.5,"The emotion of anger is minimally present in this artwork. The dominant color scheme of deep blue and stark white tends to evoke feelings of calm, contemplation, or perhaps coolness and detachment, rather than the heat or intensity often associated with anger. The organic, flowing white shapes, which loosely resemble a hand or biomorphic forms, are soft and sinuous, lacking any sharp edges, jagged lines, or aggressive postures that might suggest ire or confrontation. There is no sense of tension, struggle, or explosive force in the composition. While there is a small, concentrated splash of red and orange near the top, which can sometimes symbolize passion or anger, its isolated and diminutive presence within the vast expanse of blue and the tranquil white forms prevents it from asserting a dominant emotional impact of anger. The fine black line extending from this small, abstract head-like element is delicate rather than forceful or menacing. The overall aesthetic leans towards abstract serenity, fluidity, and perhaps a subtle introspection, none of which aligns strongly with an expression of anger. Any potential flicker of anger is quickly diffused by the overwhelming sense of calm and gentle movement."
141woman.jpg,leslie,0.0,"The painting displays absolutely no indicators of anger. The subject's facial expression is devoid of any tension, aggression, or hostility; her eyes are wide and calmly directed, without any furrowing of the brow or narrowing that would suggest displeasure or rage. Her mouth is softly set, with no downturned corners, bared teeth, or tight-lipped grimace associated with an angry emotional state. The overall posture of the figure is relaxed and contemplative, rather than rigid or confrontational. The color palette, dominated by warm browns and oranges, and the somewhat melancholic or serene elongation of the features, do not contribute to any sense of agitation or fury. There are no visual cues in the brushwork, composition, or subject's demeanor that could be interpreted as conveying anger."
142girl.jpg,leslie,0.0,"This painting evokes a sense of quiet introspection and childhood innocence, not anger. The young girl's facial expression, while serious and direct in her gaze, shows no signs of furrowed brows, tightened lips, or any muscular tension commonly associated with anger. Her eyes are wide and perhaps a little melancholic or thoughtful, but entirely devoid of the intensity or piercing quality seen in an angry countenance. Her body language is equally calm; her hands are gently engaged in drawing, not clenched or agitated. There is no element in the composition, narrative, or color palette that suggests conflict, frustration, or any aggressive sentiment. The overall mood is one of quiet concentration and perhaps a touch of vulnerability, rendering the presence of anger completely absent from the emotional landscape of this artwork."
143matisse.Jpg,leslie,0.0,"There are no visual cues in this painting that suggest anger. The subject's facial expression is calm and composed, with softly defined features and an almost serene gaze; there is no furrowing of the brow, clenching of the jaw, or tightening of the lips that would indicate displeasure or aggression. Her posture is relaxed, with hands gently clasped, conveying a sense of ease rather than tension or agitation. While strong colors like red are present in the hat and dress patterns, they are used decoratively and do not contribute to an aggressive or angry mood. The overall atmosphere of the painting is one of quiet contemplation or gentle presence, entirely devoid of any sense of wrath, indignation, or hostility."
144woman.jpeg,leslie,0.1,"The painting emanates an overwhelming sense of tranquility and quietude, leaving virtually no room for the emotion of anger. The subject, a woman seated in a garden, is depicted in a relaxed and composed posture, seemingly engrossed in a peaceful domestic activity. Her head is gently bowed, suggesting focus, contemplation, or perhaps gentle reverie, rather than any form of agitation or frustration. The setting itself, a sun-dappled garden with lush greenery and a soft pathway, reinforces this serene atmosphere. The impressionistic style, characterized by loose brushstrokes and a soft interplay of light and shadow, further contributes to a gentle and harmonious mood. There are no sharp angles, harsh colors, distorted forms, or dynamic tension that might evoke feelings of aggression or resentment. The overall palette is soft and natural, contributing to a sense of calm rather than discord. The absence of any confrontational gaze, clenched fists, stiff posture, or any visual cues typically associated with anger means that this emotion is entirely absent from the visual narrative and the expressive qualities of the artwork."
145banjo.jpg,leslie,0.0,"There are no discernible elements within the painting that evoke or suggest anger. The subject, a young man, displays a serene and joyful expression, characterized by a soft smile and relaxed facial features. His eyes are bright and his gaze is directed off to the side, indicative of engagement or perhaps a pleasant distraction, rather than any internal turmoil or resentment. His posture is relaxed as he holds the banjo, and his hands appear to be gently engaged with the instrument. There are no clenched fists, furrowed brows, tense shoulders, or any other common visual cues associated with anger. The overall mood of the painting appears calm, musical, and perhaps even cheerful, entirely devoid of any intensity, conflict, or negative emotion that would align with anger."
148trees.jpeg,leslie,0.0,"As an art expert evaluating the emotion of anger independently, my response to this painting registers a score of 0.0. The artwork presents a scene of profound tranquility and natural harmony, meticulously devoid of any element that could conceivably ignite feelings of anger or irritation. The subject matter itself—a sun-dappled forest with gentle deer by a placid stream—is inherently peaceful and restorative, standing in direct opposition to sentiments of aggression or frustration. The soft, diffused sunlight filtering through the delicate, nascent green leaves creates an ethereal, calming atmosphere rather than one that feels harsh or confrontational. The color palette, dominated by muted greens, warm browns, and gentle yellows, is harmonious and soothing, lacking any jarring contrasts or intense hues that might stimulate agitation or disquiet. Furthermore, the composition is balanced and inviting, guiding the eye gently through the scene without any abruptness or tension. There are no sharp lines, chaotic forms, or disturbing figures that could be interpreted as threatening or a source of conflict. The presence of the deer, often symbols of innocence and grace, further reinforces the serene and undisturbed quality of nature, rather than evoking any sense of trespass or injustice which might lead to anger. The overall impression is one of undisturbed beauty and quiet contemplation, actively cultivating emotions diametrically opposed to anger, such as peace, awe, or serenity. There is simply no visual cue or emotional resonance within this masterful depiction of nature that could trigger even the slightest flicker of anger."
149spots.jpg,leslie,88.5,"The depiction of anger in this artwork is remarkably potent and visceral, primarily conveyed through the stark color palette and the expressive, almost primitive forms. The dominant use of profound black against the stark white background creates an immediate sense of gravity and confrontation. This tension is then dramatically punctuated by the single, vibrant splash of red at the core of the central figure. Red, in art, is almost universally associated with strong emotions, and here, its intensity vibrates with the raw energy of fury or passion.

The specific forms further amplify this feeling of anger. The spiky, star-like shape in the upper right strongly suggests an explosion, a burst of uncontrolled energy, or a sudden, sharp outburst of emotion—all hallmarks of rage. It’s an agitated form, not calm or flowing. Similarly, the central red form, contained within a larger black outline, can be interpreted in several ways, each contributing to a sense of anger: it could be a gaping, screaming mouth, releasing a primal cry of wrath; or a raw, exposed wound, signifying immense pain that fuels aggressive reaction; or an internal, burning core of indignation and fury. The irregular, almost torn edges of the black shapes themselves evoke a sense of unrefined, powerful emotion, as if the forms were spontaneously created in a moment of intense feeling rather than meticulously planned. The overall composition is asymmetrical and somewhat unsettling, creating an underlying tension that aligns with the agitated state of anger. There are no soothing elements; every component contributes to an impression of raw, unbridled emotional force, leaning heavily towards a powerful expression of anger."
151guitar.jpg,leslie,15.0,"The emotion of anger is present only in a very subtle and abstract manner within this painting, thus receiving a low score. The primary element that could remotely evoke a sense of anger is the intensely red, distorted face located within the large white, head-like form in the upper center. The use of a vibrant red color often symbolizes strong emotions, including rage or intense passion. The contorted features of this face, particularly the widely open or grimacing mouth and the single black eye, suggest a scream, a cry of anguish, or a powerful emotional outburst that *could* be rooted in frustration or anger.

However, several factors significantly mitigate the portrayal of overt anger:
1.  **Ambiguity of Expression:** The expression of the red face is highly stylized and ambiguous; it could equally represent pain, surprise, or an abstract primal emotion rather than clear, directed anger. There is no clear antagonist or source of aggression that would evoke such a response.
2.  **Lack of Aggressive Posture or Interaction:** None of the other figures or elements in the painting display aggressive postures, conflict, or threatening dynamics. The overall scene, despite its surrealism and detail, lacks any sense of confrontation or impending violence.
3.  **Context of Whimsy and Surrealism:** Miró's work, especially from this period, is known for its playful, dreamlike, and often whimsical qualities. The elements, including the abstract animals and farm objects, are arranged in a manner that feels more fantastical and observational than emotionally charged with negative intent. The stylized mustache below the red face even adds a touch of the absurd or human vulnerability, further softening any potential anger.
4.  **Absence of Traditional Cues:** There are no sharp, jarring lines designed to evoke tension, no dark or oppressive colors dominating the scene (the greens, browns, and whites create a more earthy, almost pastoral backdrop despite the surreal elements), and no narrative of conflict.

Therefore, while the red face presents a moment of intense emotional expression, it registers more as an abstract representation of internal turmoil or heightened sensation rather than a direct, outward manifestation of anger. The overall impression of the painting is not one of fury or rage."
152horses.jpg,leslie,0.0,"This painting evokes virtually no sense of anger whatsoever. The predominant colors—vibrant golden yellows for the horses and rich blues and greens for the background—are typically associated with serenity, spirituality, joy, and nature, rather than aggression or fury. There are no harsh, jarring reds or discordant color combinations that might suggest conflict or rage. The forms of the horses are rounded, fluid, and intertwined, conveying a sense of unity, calm, and perhaps gentle introspection, especially with their lowered heads. There are no sharp angles, violent brushstrokes, or chaotic elements that would indicate agitation or hostility. The overall atmosphere is one of profound peace, harmony, and perhaps a dreamlike contemplation, completely devoid of any emotional tension or outburst that could be interpreted as anger."
153eakins.Jpg,leslie,2.0,"The painting, depicting a man deeply engrossed in playing the cello, presents very few, if any, visual cues that convey anger. The man's posture is hunched and focused, his head slightly bowed, and his gaze appears directed downwards, suggesting intense concentration or introspection rather than agitation or hostility. His right hand, brought up to his face, appears to be resting thoughtfully against his beard or jaw, a gesture commonly associated with contemplation, sadness, or absorption, not anger or frustration. There are no furrowed brows, clenched jaws, or tense muscles indicative of rage. The overall mood of the painting is quiet, contemplative, and perhaps melancholic or deeply artistic, but certainly not one of aggression or indignation. The colors are muted and earthy, contributing to a calm, reflective atmosphere. While one might, with a considerable stretch of imagination, interpret a deeply concentrated or pensive state as containing some underlying, unexpressed frustration, there is absolutely no overt or even subtle visual manifestation of anger in his facial features, body language, or the dynamic of the scene. Therefore, the presence of anger is virtually negligible, meriting a very low score."
154eakins.jpg,leslie,5.0,"The emotion of anger is minimally present in this painting, almost to the point of absence. Neither of the figures depicted exhibits clear or even subtle signs typically associated with anger. The central figure, the musician, is engrossed in playing his guitar, with his head tilted upwards and mouth slightly open, suggesting he is singing or deeply lost in the music. His expression appears soulful, contemplative, or passionate, certainly not angry. There are no furrowed brows, tense facial muscles, or a rigid posture that would indicate frustration or rage. His body language is relaxed as he sits, strumming his instrument.

The secondary figure, the listener, also displays no discernible anger. He is seated at a table, holding a fork, and observing the musician. His gaze is directed towards the performer, appearing passive, perhaps thoughtful, or simply listening intently. While his mouth might seem slightly downturned, this reads more as a neutral or pensive expression rather than a scowl of irritation or anger. There is no tension in his hands, clenched fists, or a confrontational stance.

The overall atmosphere of the painting is quiet and intimate, seemingly focused on the act of music-making and appreciation, not on conflict or emotional distress. There are no visual cues in the environment, such as disarray, aggressive gestures, or harsh lighting that would imply underlying anger or an angry outburst. The slight hint of a downturned mouth on the listener, while not strongly indicative of anger, prevents a perfect zero, suggesting a minuscule possibility of very subtle, passive discontent rather than overt anger."
155woman.jpg,leslie,1.5,"The painting, ""A Paris Street, Rainy Day"" by Jean Béraud, captures a mundane yet dynamic scene of urban life in Paris. There are no discernible elements within the artwork that evoke or depict anger. The figures, including the central woman, the man by the lamppost, the street sweeper, and the various individuals in carriages or walking in the background, all appear engaged in their daily routines without any signs of distress, conflict, or overt negative emotion. There are no furrowed brows, clenched fists, aggressive postures, or confrontational interactions visible. The overall atmosphere, characterized by a wet street suggesting recent rain and a bustling city, is one of everyday activity rather than emotional intensity or discord. The colors are muted and natural, contributing to a calm, observational tone rather than one that would incite or reflect anger. The composition guides the eye through the scene, highlighting the ordinary flow of life. Consequently, the emotion of anger is virtually absent from this painting's narrative and visual cues. A very low score is warranted due to the complete lack of any visual indication of this emotion."
156houses.jpeg,leslie,0.1,"The visual elements within this painting provide virtually no foundation for an emotional response of anger. There is an absolute absence of aggressive or discordant lines; instead, the forms are geometric and orderly, depicting architectural structures that suggest stability and a contained environment. The color palette, while featuring a significant presence of reds and oranges, utilizes them in the context of terracotta roof tiles, which inherently evoke warmth and earthiness rather than the sharp, fiery intensity often associated with rage or hostility. These warm tones are balanced by calming blues and greens, creating a harmonious rather than confrontational visual experience. Furthermore, the brushwork, while evident and textural, is not frenetic, violent, or chaotic in a manner that would convey agitation or fury. There are no distorted figures, scenes of conflict, or oppressive shadows that might instigate feelings of frustration, resentment, or indignation. The overall impression is one of peaceful community and pleasant contemplation, entirely devoid of any visual cues or narrative elements that would prompt or reflect anger."
158appleoil.jpg,leslie,0.5,"The visual elements within this artwork offer virtually no indication of anger. The figure's facial expression, observed in profile, appears neutral or perhaps mildly contemplative as they gaze upwards. There are no furrowed brows, clenched teeth, or strained muscles that would suggest irritation or rage. Similarly, the body language of the individual, depicted in a voluminous checkered costume and reaching towards the sparse branches, does not convey any tension, aggression, or confrontational posture commonly associated with anger. The overall composition is light and airy, dominated by warm yellows and reds in the costume, which, while red can sometimes symbolize anger, here reads as part of a traditional theatrical or whimsical attire (like a jester or harlequin) rather than a sign of agitation. The gentle curve of the body and the focused, yet calm, upward gaze contribute to a mood that is far removed from any sense of hostility or resentment. There is nothing in the interaction with the branches, the lighting, or the character's demeanor that even remotely hints at an angry state. The absence of any discernible visual cues for anger leads to an extremely low rating."
160mr-art-deco-2.jpg,leslie,5.0,"The presence of anger in this painting is extremely minimal, bordering on absent. There are no overt or strong indicators of anger such as a furrowed brow, bared teeth, clenched jaw, a reddened face, or tense, aggressive body posture. The figure is reclining, suggesting a relaxed or contemplative state rather than one of agitation or rage. The hands are also relaxed, showing no signs of tension or readiness for aggression.

The only extremely subtle and highly ambiguous interpretation that could remotely suggest anger lies within the subject's facial expression, specifically the eyes and mouth. The eyes have a somewhat heavy-lidded, dark, and direct gaze. While this expression is more readily interpreted as detached, melancholic, world-weary, or perhaps even slightly sardonic, one could *stretch* to interpret it as a very deeply internalized, cool, or brooding form of anger—a subtle disdain or resentment that is suppressed rather than expressed. The lips are full and have a slight downturn, which is more commonly associated with sadness or neutrality, but could, in conjunction with the eyes, be seen as a subtle expression of displeasure or contempt. However, this is a very weak and subjective reading. The dominant impression is one of sophistication and perhaps a quiet introspection or a sense of ennui, not anger. Therefore, the score is very low, acknowledging the barest possible hint of an extremely internalized and ambiguous form of anger, but primarily reflecting the almost complete absence of any clear angry cues."
161andy-warhol-marilyn.jpg,leslie,0.0,"The artwork, characteristic of Andy Warhol's Pop Art style, features multiple silkscreen prints of Marilyn Monroe. Across all nine panels, there is no discernible expression of anger on Monroe's face. Her eyes are often half-closed or gazing softly, and her mouth is typically in a slight smile or a neutral, iconic pose, characteristic of a glamour shot. There are no furrowed brows, tense facial muscles, or aggressive lines that would indicate anger or frustration. The bright, often artificial color palettes, while vibrant and impactful, do not convey an angry or aggressive mood; instead, they contribute to the pop culture aesthetic, highlighting celebrity, mass production, and superficiality. The repetition of the image further emphasizes her status as an icon rather than a dynamic individual experiencing a strong emotion like anger. The overall impression is one of stylized beauty and detachment, devoid of any emotional intensity associated with anger."
164peaceful_eve.jpeg,leslie,0.0,"There are no visual elements within this painting that remotely evoke or convey the emotion of anger. The color palette, dominated by soft, blended pastel hues of blues, greens, yellows, pinks, and faint purples, is inherently harmonious and calming, directly opposing the harsh, intense, or fiery colors often associated with rage, conflict, or aggression. There are no abrupt, clashing color combinations, deep, oppressive blacks, or aggressive reds that might suggest turmoil or hostility. Furthermore, the brushstrokes are smooth, diffused, and flowing, creating gentle transitions and an ethereal, almost dreamlike quality. This soft, continuous blending is completely devoid of the jagged, sharp, or violent marks that are typically used to express agitated or destructive emotions. The overall composition is expansive and open, depicting a serene sky and indistinct, tranquil landforms in the distance, lacking any tight, claustrophobic, or chaotic elements that could contribute to a feeling of frustration or aggression. There are no figures, narratives, or depicted actions that could be interpreted as angry or confrontational. The pervasive atmosphere of the painting is one of profound tranquility, softness, and contemplative peace, standing in complete antithesis to any sensation of anger."
166abstract.jpg,leslie,68.0,"The painting evokes a significant degree of anger, primarily through its visceral use of color and the dynamic, fragmented forms of the figures. The overwhelming backdrop of intense, fiery oranges and yellows creates a sensation of heat and turbulence, often associated with the physiological and emotional experience of anger. This hot, agitated atmosphere immediately sets a tone of high tension and potential volatility.

The figures themselves, rendered in deep, contrasting blues, possess angular and somewhat distorted forms. The sharp, pointed elements, particularly the elongated head and beak-like features of the left figure, contribute to a sense of edginess and potential aggression. The bright, glowing yellow circle where an eye might be located on the left figure gives it an intense, almost glaring or confrontational gaze, suggesting a powerful, focused emotion.

Furthermore, the stylized hands of the right figure appear somewhat claw-like and tense, rather than relaxed, hinting at grasping or strained interaction. The overall composition is dynamic and unsettling, lacking any sense of tranquility or peace. The strong visual friction created by the complementary colors (blue and orange) further amplifies this feeling of unease and potential conflict. While there are no explicit acts of violence or clear facial expressions of rage, the combined effect of the heated palette, sharp forms, and tense poses imbues the artwork with a strong undercurrent of agitation, frustration, and simmering intensity, leaning substantially towards an angry emotional response."
168mustache.jpg,leslie,0.0,"There is absolutely no discernible element in this painting that conveys or evokes the emotion of anger. The central figure, a man in military uniform, reclines in a relaxed and languid pose, holding a cigarette. His facial expression is calm and almost amused, with a slight smirk playing on his lips and a tranquil gaze. There is no tension in his brows, eyes, or jawline, nor any hint of a frown or scowl. His body language is entirely at ease, leaning back into the cushions, suggesting a moment of leisure, contemplation, or contentment, rather than agitation or hostility. The surrounding environment, with books and discarded uniform items, reinforces a narrative of repose or idleness, not conflict or frustration. The color palette is warm and inviting, with no harsh or aggressive tones that might suggest underlying tension. The overall mood of the painting is one of quiet introspection or pleasant relaxation. Consequently, anger is completely absent from this composition."
169lighthouse.jpg,leslie,0.0,"The painting ""The Lighthouse at Two Lights"" by Edward Hopper conveys a profound sense of quietude, solitude, and observation, typical of the artist's oeuvre. There are absolutely no visual elements present in this work that would suggest or evoke the emotion of anger. The subject matter itself, a sturdy lighthouse and accompanying structures on a hill under a clear, bright sky, is inherently stoic and functional, not expressive of human volatile emotions. The color palette consists of serene blues for the sky, warm earth tones for the landscape, and a light, almost neutral shade for the lighthouse, none of which are typically associated with rage, hostility, or aggression. There are no figures in the painting whose posture, expression, or actions could convey anger. The lighting is crisp and clear, creating distinct shadows that define form rather than creating a sense of turmoil or threat. The composition is stable and balanced, lacking any chaotic or violent brushstrokes or disjointed forms that might hint at an agitated state. The overall atmosphere is one of calm, stillness, and perhaps a touch of melancholy or introspection, but entirely devoid of any sense of conflict, frustration, or outward aggression. Therefore, the presence of anger in this painting is non-existent."
170abstract.jpg,leslie,0.0,"The painting exhibits no discernible qualities that would evoke or communicate the emotion of anger. Its visual language is entirely antithetical to what typically conveys rage, aggression, or frustration. There are no harsh, jagged lines or violent, aggressive brushstrokes; instead, the edges of the color fields are soft and blurred, creating a contemplative, ethereal quality. The color palette, composed of deep blue, luminous yellow-orange, and soft off-white, is intense but harmonious and immersive, rather than discordant or clashing in a way that would suggest anger. The composition is remarkably stable, balanced, and monumental, entirely lacking the chaos, turbulence, or agitation often associated with this emotion. The overall impression is one of profound calm, introspection, or spiritual contemplation, which actively counteracts any sense of anger or hostility."
171coffee.jpg,leslie,0.1,"The painting exhibits virtually no visual cues that would evoke a sense of anger. The color palette is predominantly warm and earthy, featuring soft yellows, browns, and muted greens, which are typically associated with comfort and warmth rather than agitation or hostility. There are no harsh, jagged, or aggressive lines or brushstrokes; instead, the forms are rendered with a gentle, somewhat fluid quality, particularly the prominent white element resembling a dove or steam rising gracefully from the cups. The composition itself feels balanced and harmonious, lacking any elements of chaos, tension, or discord that might contribute to a feeling of frustration or fury. The subject matter – coffee cups and a sugar dispenser – is inherently domestic and comforting, suggesting a peaceful, everyday ritual rather than a scene of conflict or distress. There are no figures depicted showing anger, nor are there any symbolic representations of strife, injustice, or aggression. The overall mood conveyed by the artwork is one of tranquility, inviting calmness and relaxation, which stands in direct opposition to the emotion of anger. Therefore, the presence of anger in this painting is negligible."
172piano.jpeg,leslie,2.5,"This painting evokes virtually no sense of anger. The color palette, featuring soft yellows, oranges, blues, and greens, is harmonious and lacks any harsh, jarring, or intensely aggressive hues like deep reds, stark blacks, or angry purples often associated with rage. The lines are fluid, curvilinear, and organic, suggesting movement and rhythm—characteristics of music—rather than sharp, jagged, or confrontational forms that might convey aggression or frustration. The abstract representation of musical instruments and notes inherently lends itself to feelings of joy, creativity, or dynamic energy, not hostility or resentment. There are no depicted figures, expressions, or situations that could be interpreted as angry or conflict-ridden. The overall impression is one of harmonious motion and creative expression, utterly devoid of discord or tension that would spark an emotion like anger. The extremely low score reflects the painting's complete lack of visual cues or emotional undertones that might elicit anger in a viewer."
173chubby.jpeg,leslie,0.0,"As an art expert evaluating the emotional response to this painting, the presence of anger is entirely absent. The scene depicted is one of profound tranquility and leisure, a picnic in a serene landscape. The figures themselves, particularly the man, exhibit expressions of placid contemplation or perhaps mild self-satisfaction, entirely devoid of any indication of frustration, fury, or aggression. The woman is shown in a state of peaceful slumber, her posture and facial features conveying calm rather than any form of agitation. The overall composition and harmonious color palette, dominated by soft blues, greens, and warm earth tones, contribute to an atmosphere of ease and contentment, completely antithetical to the visual cues associated with anger. There are no harsh lines, clashing colors, distorted forms, or narrative elements within the painting that would suggest conflict, injustice, or any other catalyst for an emotional response of anger. The subject matter itself—a leisurely outdoor meal—is universally associated with relaxation and enjoyment, offering no basis for an angry reaction or portrayal."
174boat.jpg,leslie,0.0,"There is absolutely no indication of anger within this painting. The scene depicts a peaceful moment on a sandy beach, with two figures engaged in calm activities – one man appears to be reading or looking at a document, while another sits quietly in a boat. Their postures are relaxed, and there are no agitated gestures or expressions of distress visible. The setting itself, with its soft, muted colors and tranquil composition, evokes a sense of quietude and serenity rather than any form of conflict or rage. There are no elements of confrontation, tension, or aggression in the subject matter, the figures' interactions, or the overall atmosphere. The painting conveys a sense of placid calm, entirely devoid of any angry sentiment or visual cues that might suggest it."
175the-family-african.jpg,leslie,0.0,"This painting evokes no sense of anger whatsoever. The stylized figures are depicted in harmonious poses, suggesting unity, care, and familial bonds. The central figures, likely adults, are either carrying infants on their backs or holding hands with a small child, which inherently conveys nurturing and connection rather than conflict or aggression. There are no harsh lines, sharp angles, or chaotic elements in the composition that might signify tension or frustration. The color palette, predominantly green, white, and a warm earthy background, is soothing and natural, completely devoid of the jarring or intense hues often associated with anger. Furthermore, the lack of detailed facial expressions means there are no visual cues like furrowed brows, gritted teeth, or narrowed eyes to suggest any emotional distress. The overall impression is one of peaceful coexistence and gentle interaction, leaving no room for an interpretation of anger."
18Ernst-LaVilleEntiere.jpg,leslie,2.0,"The painting primarily conveys a sense of desolation, ancientness, and perhaps an eerie or melancholic atmosphere rather than anger. The vast, yellowish-brown sky and the earthy, reddish tones of the decaying structures evoke a feeling of timelessness and ruin, which might lead to contemplation, sadness, or a sense of insignificance. There are no visual cues such as aggressive forms, chaotic movement, explicit conflict, or injustice depicted that would directly trigger a feeling of anger, outrage, or wrath. While the overall mood might be unsettling to some, this unease translates more readily into feelings of melancholy or quiet apprehension than active anger. The static nature of the scene and the absence of any discernible threat or direct provocation significantly limit any potential for an angry emotional response."
19Rembrandt-MilitaCompany.jpeg,leslie,5.0,"The painting ""The Night Watch"" by Rembrandt, while dynamic and bustling, conveys very little to no anger. The scene depicts a civic guard company mobilizing, which inherently involves a sense of purpose and readiness, but not necessarily a state of rage or fury.

The facial expressions across the multitude of figures are diverse. Many show expressions of engagement, curiosity, or a calm sense of duty. Captain Frans Banninck Cocq and Lieutenant Willem van Ruytenburch, the central figures, appear composed and in command, their expressions conveying authority rather than irritation or wrath. Even among the less prominent figures, while some display sternness or concentration as befits soldiers, there are no overtly scowling faces, gritted teeth, or furrowed brows that would typically indicate anger. There are no raised voices, visible disputes, or acts of aggression between the figures themselves or directed at an unseen antagonist.

The overall action, though lively with movement and the discharge of a musket, seems to capture the organized chaos and preparation of a company rather than an emotionally charged confrontation. The presence of weapons is context-appropriate for a militia but they are handled as tools of their profession, not wielded in a fit of pique or vengeance. The barking dog in the lower right adds to the dynamism but does not signify human anger. The light, while dramatic, serves to highlight the figures and create depth, rather than to emphasize a mood of indignation or rage. Thus, the emotional landscape of the painting is largely devoid of anger, focusing instead on civic duty, camaraderie, and a sense of collective identity."
28Monet-theGrainstack.jpg,leslie,0.0,"The painting ""Haystacks, Sunset"" by Claude Monet evokes a profound sense of tranquility, warmth, and the ephemeral beauty of nature, rather than any feeling of anger. The color palette, dominated by soft oranges, pinks, purples, and yellows, creates a harmonious and luminous atmosphere. These hues are typically associated with serenity, comfort, and the gentle transition of day to night, completely devoid of the sharp, clashing, or agitated tones that might suggest fury or aggression. The subject itself—a solitary haystack in a vast field under a sunset sky—is inherently peaceful and pastoral, offering no narrative or visual cues of conflict, frustration, or hostility. The impressionistic brushstrokes, while visible, are applied with a softness that contributes to the atmospheric quality and the play of light, lacking any harshness, frantic energy, or turbulent motion that could communicate anger. There are no sharp lines, jarring contrasts, or chaotic elements within the composition that would elicit such an intense negative emotion. The overall impression is one of contemplative calm and serene beauty, making the presence of anger completely absent from the emotional response this artwork generates."
29Klee-AdMarginen.jpeg,leslie,5.0,"The painting, with its dominant muted yellow-green palette and intricate, symbolic details, evokes a sense of ancient mystery, contemplation, or perhaps a dreamlike state, rather than overt anger. The central red disc, while a vibrant color often associated with strong emotions, is presented as a perfectly rounded, almost celestial body, resembling a sun or planet. Its placement and form do not suggest aggression or rage; instead, it feels like a focal point of energy or a symbolic entity within a calm, albeit complex, landscape. The lines and forms throughout the artwork are generally delicate, organic, and calligraphic, avoiding sharp, jagged edges or turbulent brushstrokes that might convey agitation or hostility. The various enigmatic figures and symbols scattered across the canvas appear to be part of an inner world or a silent narrative, rather than expressing outward fury. There are no depictions of conflict, frustration, or violent action. The overall atmosphere is one of stillness and enigmatic presence, making any interpretation of anger highly negligible. The slight presence of red might hint at intensity, but not specifically negative intensity like anger in this context."
33Renoir-BalduMoulindelaGalett.jpg,leslie,0.1,"The painting ""Bal du moulin de la Galette"" by Pierre-Auguste Renoir is a quintessential representation of a joyous and lively social gathering, portraying a vibrant Sunday afternoon at the Moulin de la Galette in Montmartre, Paris. There is an almost complete absence of any visual cues that would suggest anger or tension within the scene. The figures are depicted dancing, conversing, and relaxing, all with expressions and body language indicative of pleasure and contentment. No scowling faces, clenched fists, aggressive postures, or confrontational interactions are visible. The overall atmosphere is one of carefree enjoyment, camaraderie, and leisure. The light, fluid brushstrokes and bright, harmonious color palette further contribute to this cheerful and idyllic mood, deliberately avoiding any sharp contrasts, dark shadows, or jarring elements that might evoke feelings of discord or irritation. Every element within the composition, from the animated dancers to the relaxed groups seated at tables, speaks to a celebration of life and social ease, leaving no room for the emotion of anger. The score is not an absolute zero only to acknowledge the incredibly remote possibility of an extremely idiosyncratic interpretation, but practically, anger is entirely absent from this depiction."
36VanEyck-Rinaldo.jpg,leslie,0.5,"The painting exhibits virtually no elements that would evoke or represent anger. All figures, including the central woman and child, as well as the surrounding putti, display serene, adoring, or playful expressions, utterly devoid of any signs of wrath, frustration, or hostility. There are no furrowed brows, clenched jaws, or tense body postures indicative of anger. Furthermore, the actions depicted are gentle and harmonious—a child looks up reverently at the woman, and putti engage in playful or watchful poses. The overall atmosphere conveyed by the soft lighting, classical architectural elements, and tender interactions is one of tranquility, love, or perhaps contemplation, completely counter to any sense of agitation or aggression. There is an absolute absence of conflict, violence, or discord within the scene, making anger an almost entirely irrelevant emotional response to this artwork."
38Eyck-Virgin.jpg,leslie,0.0,"There are absolutely no elements within this painting that evoke or suggest anger. The scene depicts a profound moment of religious devotion and contemplation. The figures—the donor, the Virgin Mary, the Christ Child, and the accompanying angel—all exhibit serene, reverent, and peaceful expressions. The donor is shown in humble prayer, while the Virgin and Child convey a sense of calm and divine grace. The angel, too, performs its duty with quiet dignity. The composition is balanced and harmonious, the colors are rich but not jarring, and the setting, with its detailed architectural elements and expansive landscape, contributes to an atmosphere of tranquility and solemnity. There are no agitated forms, sharp contrasts, aggressive gestures, or any narrative hints of conflict or displeasure that would elicit anger in the viewer or reflect anger from the subjects. The overall emotional tenor of the painting is one of profound peace, piety, and spiritual reflection, leaving no room for the emotion of anger."
46monet_poplars_epte.jpeg,leslie,0.0,"This painting, ""Poplars, End of the Autumn"" by Claude Monet, evokes a strong sense of tranquility, natural beauty, and peacefulness. The soft, luminous blue of the sky, dotted with gentle clouds, creates an open and serene atmosphere. The tall, slender poplar trees, rendered with vibrant greens and yellows, suggest the warmth of sunlight filtering through their leaves, characteristic of an autumn day. The overall color palette is harmonious and inviting, dominated by cool blues and refreshing greens, which are inherently calming rather than agitating. There are no harsh lines, turbulent brushstrokes, or dark, foreboding tones that might hint at conflict, frustration, or any form of aggression. The subject matter itself—a serene landscape—is devoid of any narrative elements or human presence that could introduce themes of injustice, struggle, or resentment, which are typically associated with anger. The scene is one of quiet contemplation and natural harmony, offering a visual experience that is antithetical to feelings of anger."
49Schiele-Rainerbub.jpg,leslie,0.0,"There are no discernible visual cues within the painting that suggest the emotion of anger. The subject's facial expression, while distinctive to Schiele's style with wide, somewhat intense eyes, does not convey hostility, rage, or frustration. There are no furrowed brows, tightened lips, clenched jaw, or narrowed eyes typically associated with anger. The mouth is slightly parted in a neutral or perhaps mildly inquisitive manner, rather than a snarl or grimace. Furthermore, the body language of the figure does not indicate aggression; the hands are open, one extended and the other resting on the abdomen, conveying a sense of vulnerability or openness rather than a readiness for confrontation. While the color red is present in the garment, it is a deep, rich maroon that contributes to the overall aesthetic rather than acting as a vibrant, aggressive symbol of wrath. The overall mood conveyed by the painting is one of psychological intensity, introspection, or perhaps a subtle unease, but none of these translate into an expression of anger. There is a complete absence of any aggressive or furious emotional content."
53cezanne-still-life-basket.Jpg,leslie,0.0,"This still life by Paul Cézanne presents no discernible elements that would evoke or represent anger. The subject matter itself—a carefully arranged collection of fruits, textiles, and domestic objects—is inherently devoid of the potential for this emotion. The color palette, dominated by warm yellows, oranges, and greens alongside cool blues and grays, is harmonious and natural, lacking any harsh contrasts or aggressive hues typically associated with anger. The brushwork, characteristic of Cézanne's structured and analytical approach, builds forms through planes of color, creating a sense of solidity and quiet observation rather than agitation or emotional turmoil. The composition, while exhibiting Cézanne's revolutionary approach to perspective, remains balanced and deliberate, far from chaotic or confrontational. There are no human figures or implied narratives that could suggest conflict, frustration, or any form of hostility. The overall atmosphere of the painting is one of quiet contemplation, artistic study, and an exploration of form and color in a tranquil setting, rendering the presence of anger completely absent."
54Claude_Monet.jpg,leslie,0.0,"The painting, ""San Giorgio Maggiore at Dusk"" by Claude Monet, exhibits no visual characteristics that would evoke or represent anger. The subject matter itself—a Venetian island with a prominent church and bell tower at sunset, reflected in the water—is inherently serene and contemplative. The color palette, though vibrant with oranges, yellows, and reds in the sky and water, are typical of a beautiful sunset or dusk, conveying warmth and atmospheric light rather than agitation or aggression. There are no harsh, jarring, or discordant color combinations that might suggest emotional turmoil. The brushwork, characteristic of Impressionism, is composed of visible, broken strokes that create a shimmering, ethereal quality and a sense of movement in the water and light in the sky; however, these strokes are not violent, chaotic, or sharp in a way that would imply anger. The overall composition is balanced and harmonious, lacking any tension, distortion, or confrontational elements. The mood conveyed is one of profound peace, natural beauty, and a gentle transition of day to night, entirely devoid of any sense of fury, irritation, or aggression. Therefore, no aspect of this painting suggests the emotion of anger."
61Monet-The-Water-Lily-Pond.jpg,leslie,0.1,"The painting, ""Bridge over a Pond of Water Lilies"" by Claude Monet, evokes feelings of serenity, beauty, and tranquility. There are virtually no visual cues within the artwork that could be interpreted as conveying anger. The color palette, while vibrant and rich with greens, yellows, blues, and reflective reds, utilizes these hues in a harmonious and naturalistic manner, rather than in a jarring or aggressive way. There are no harsh, dissonant color combinations or sharp contrasts intended to provoke discomfort or agitation. The subject matter itself – a peaceful garden pond with water lilies and a Japanese footbridge – is inherently calm and reflective, completely devoid of any elements that suggest conflict, frustration, or hostility. The Impressionistic brushwork is soft, fluid, and dappled, capturing the interplay of light and water, but it lacks any sharp, jagged, or violent strokes that might imply tension or aggression. The composition is balanced and inviting, guiding the viewer's eye gently through the scene without creating any sense of imbalance, chaos, or claustrophobia. There are no figures expressing anger, nor any narrative elements that would imply an angry sentiment. The overall atmosphere is one of profound peace and contemplation, making any association with anger effectively negligible."
64van-gogh-self-portrait.jpeg,leslie,12.5,"While the dominant emotional tone of Van Gogh's ""Self-Portrait with Bandaged Ear"" is one of profound introspection and quiet suffering, a subtle undercurrent of anger can be discerned upon close examination, contributing to a sense of deeply internalized turmoil. The direct, unyielding gaze of the artist, though not overtly hostile, carries a certain intensity that suggests a refusal to succumb entirely to his circumstances. There's a firm set to his jaw and a slight tension around his mouth, not a snarl of rage, but rather a compressed energy that speaks of a battle waged internally. This isn't the explosive anger of a tantrum, but rather a simmering frustration or quiet defiance against his own mental affliction or the harsh realities of his life. The very act of painting himself in such a raw, vulnerable state, yet with an air of resolute dignity, can be interpreted as a quiet act of defiance against despair, a defiance which often carries an angry edge against one's fate. Thus, while far from the primary emotion, a low but palpable score for anger is warranted due to this sublimated, self-contained tension and underlying sense of struggle."
65poppiesClaude_Monet_037.jpg,leslie,0.0,"There are absolutely no discernible elements within Claude Monet's ""Poppy Field near Argenteuil"" that evoke or suggest anger. The painting portrays a serene and idyllic landscape featuring figures (likely a woman and child) strolling through a vibrant field of red poppies under a bright, cloudy sky.

Every aspect of the artwork contradicts any sense of anger:
*   **Subject Matter:** The depiction of a leisurely walk through a beautiful natural setting is inherently peaceful and pastoral, not conducive to feelings of anger or conflict.
*   **Figures' Demeanor:** While loosely painted, the figures appear relaxed and engaged in a tranquil activity. There are no agitated postures, confrontational gestures, or strained expressions that might hint at internal or external anger. The woman on the right holds a parasol, further emphasizing a leisurely, comfortable pace.
*   **Color Palette:** The dominant colors are the cheerful reds of the poppies, the calming greens of the grass, and the clear blues and whites of the sky. This harmonious and bright palette creates an uplifting and pleasant atmosphere, entirely devoid of the dark, harsh, or clashing tones often associated with anger or distress.
*   **Brushwork and Style:** Monet's characteristic Impressionistic brushwork is soft, fluid, and focused on capturing light and atmosphere. This technique conveys a sense of fleeting beauty and tranquility, rather than any tension, aggression, or sharp disquiet that might be associated with angry emotion.
*   **Composition:** The open field, gentle slope, and expansive sky contribute to a feeling of openness and calm. There are no crowded, claustrophobic, or visually jarring elements that could induce a sense of agitation.

The overall mood of the painting is overwhelmingly one of peace, joy, and natural beauty. Therefore, the presence of anger is entirely absent."
68_5174410_happy3lambs.jpg,leslie,0.0,"The painting evokes feelings of peace, innocence, and warmth, with no visual cues that could be interpreted as anger. The three young lambs are depicted in a relaxed, even content, posture, resting on the ground and looking up towards the colorful field of flowers. Their soft, fluffy appearance and gentle forms inherently communicate tranquility rather than aggression or frustration. The vibrant and harmonious color palette of pink, yellow, orange, and red flowers further contributes to a serene and cheerful atmosphere, devoid of any harshness or conflict often associated with anger. There are no sharp lines, aggressive brushstrokes, or unsettling elements in the composition that would suggest any form of agitation or displeasure. The overall impression is one of idyllic pastoral serenity, making the presence of anger completely absent from this scene."
69vanGogh_Starry_Night_Over_the_Rhone.jpg,leslie,0.0,"There is absolutely no discernible element in ""Starry Night Over the Rhône"" that evokes or portrays anger. The painting is characterized by deep, serene blues of the night sky and water, punctuated by the warm, luminous yellows of the city lights and the vibrant, almost celebratory glow of the stars. These color choices contribute to a mood of peace, tranquility, and wonder, rather than any form of agitation or rage.

Van Gogh's signature impasto brushwork, while dynamic and expressive, creates a sense of swirling energy in the sky and flowing movement in the water, but this energy is harmonious and lyrical, not violent or furious. The strokes suggest the flow of the river and the radiant burst of starlight, contributing to a sense of natural beauty and vitality.

The subject matter itself—a peaceful night scene by the river with glowing reflections and distant city lights, observed by two contemplative figures—is inherently calming and romantic. There are no signs of conflict, distress, chaos, or any aggressive posture or expression from the figures or the environment. The overall atmosphere is one of quiet contemplation, awe, and profound serenity, making the presence of anger completely absent from the emotional landscape of this masterpiece."
71Hundertwasser Poster.jpg,leslie,5.0,"The painting, with its vibrant colors, organic forms, and whimsical figures, does not evoke a sense of anger. The predominant palette of bright yellows, blues, reds, and greens tends to create an atmosphere of cheerfulness and fantasy rather than hostility or wrath. There are no harsh, jagged lines that might suggest aggression or conflict; instead, the lines are fluid, curvilinear, and often decorative. While the composition is dense and somewhat chaotic, this chaos feels more like an energetic, interconnected, and harmonious ecosystem or a bustling, fantastical city, rather than a scene of distress or frustration. The figures present have stylized, often benign or neutral expressions, none displaying overt signs of rage, resentment, or violent intent. Even elements that might hint at industrialization (like the smokestacks) are integrated into the overall organic and almost utopian vision, not depicted in a way that suggests environmental degradation or its associated anger. The overall impression is one of a vibrant, dreamlike world, full of imaginative details, which stands in stark contrast to any feeling of anger. A score of 5 is assigned to acknowledge the slight possibility that certain viewers might find the density or disorganization mildly overwhelming, which *could* theoretically lead to a very minor, latent sense of irritation, but this is a very remote interpretation, and certainly not the primary emotional response intended or conveyed by the artwork."
73painting-10.jpg,leslie,0.0,"The painting evokes a strong sense of wonder, harmony, fantasy, and creative energy, rather than anger. The central figure, a young woman playing a flute, appears serene and deeply absorbed in her music. Her expression is calm and contemplative, showing no signs of frustration, aggression, or discontent. The vibrant, swirling colors that emanate from the flute, representing sound or creative force, depict a fantastical realm populated with elements like galaxies, planets, dancing figures, delicate butterflies, and children in a boat. These elements are all depicted with an ethereal lightness and beauty. Even the dynamic flow of energy, while visually intense, feels generative and expansive, devoid of any destructive or chaotic undertones that might suggest rage or fury. There are no harsh lines, threatening figures, violent actions, or unsettling expressions anywhere within the composition. Every detail, from the blossoming flowers to the whimsical castles within their petals, contributes to an overwhelming atmosphere of peace, imagination, and positive creation, leaving absolutely no visual or thematic cues that could be interpreted as anger."
74painting-02.jpg,leslie,0.0,"There are absolutely no elements within this painting that evoke or suggest the emotion of anger. The central figure's facial expression is one of serenity and peace, with a gentle smile and relaxed features, entirely devoid of any tension or displeasure. The color palette employed is predominantly soft and harmonious, featuring warm yellows, oranges, greens, and pastels, which contribute to a tranquil and inviting atmosphere rather than one of discord or aggression. The composition is fluid and organic, lacking any sharp angles or harsh contrasts that might convey agitation or frustration. Furthermore, the numerous miniature scenes depicted on the hat showcase idyllic and peaceful activities such as farming, leisurely strolls, music-playing, and social interaction, all portrayed without any hint of conflict, struggle, or negative emotion. The presence of natural elements like butterflies and flowers further enhances a sense of calm and beauty. The overall mood of the painting is one of bucolic tranquility, nostalgia, and gentle reflection, making it completely antithetical to the experience of anger."
75art-nouveau-cat-painting.jpg,leslie,0.0,"There is absolutely no element within this artwork that evokes or suggests anger. The central figure, a cat, possesses a calm and gentle expression, with wide, serene green eyes that convey curiosity or placid observation rather than aggression or frustration. Its facial features are relaxed, and there are no signs of tension, bared teeth, or narrowed pupils typically associated with feline anger. The surrounding environment, a vibrant and lush natural setting filled with sunflowers, poppies, and butterflies, contributes to an overwhelming sense of peace, beauty, and tranquility. The color palette, dominated by warm yellows, oranges, and various shades of green, along with soft reds, are cheerful and inviting, entirely devoid of harshness or intensity that might hint at negativity. The flowing, organic lines and harmonious composition further reinforce a feeling of gentle wonder and serenity. Every visual cue—from the subject's demeanor to the choice of colors and the overall atmosphere—points away from any sensation of anger, making its presence in the emotional landscape of this painting utterly non-existent."
76walker-1.jpg,leslie,0.1,"The painting conveys virtually no sense of anger. The woman's facial expression is calm and serene; her gaze is soft and directed upwards, suggesting contemplation or inspiration rather than fury or frustration. There are no signs of tension in her brow, eyes, or mouth, which are typically associated with anger (e.g., furrowed brows, narrowed eyes, clenched jaw). While the artwork is incredibly vibrant and chaotic with its use of diverse, energetic colors and splattered brushstrokes, this dynamism reads as expressive and lively, rather than aggressive or fueled by rage. The prominent use of bright blues, yellows, and purples, alongside reds and oranges, contributes to a feeling of artistic freedom and movement, completely lacking the darker, more intense, or solely monochromatic red tones often used to evoke anger. The overall impression is one of vivacity and perhaps introspection, entirely devoid of any emotional charge related to anger."
78imari.jpg,leslie,22.5,"The depiction of the tiger in this painting evokes a very low to mild sense of anger. While tigers are powerful and formidable creatures inherently associated with fierceness, this particular portrayal does not emphasize overt aggression or rage. The tiger's gaze is direct and piercing, with a slight furrow in its brow, which conveys intensity and watchfulness rather than an explosive or outwardly angry disposition. Its mouth is closed, showing no bared teeth or snarling. The body posture is strong and confident, but not in an attacking or agitated manner. There are no dramatic gestures or movements, such as a lashing tail or raised fur, that would typically signify an enraged state. The overall impression is one of majestic power and stoic presence, with only a subtle hint of sternness or latent force conveyed through its focused eyes. Therefore, while the tiger is clearly a creature of immense power, the specific emotional expression of anger is very subdued, leaning more towards a serious and alert demeanor."
80il_570xN.jpg,leslie,0.0,"This painting evokes absolutely no sense of anger. The subject matter, a plant with large leaves and delicate white flowers on a red stem, is inherently peaceful and natural. The ink wash style, characterized by soft, flowing strokes and subtle variations in tone, contributes to a serene and contemplative mood. There are no harsh lines, aggressive brushstrokes, or chaotic elements that might suggest frustration, rage, or hostility. The color palette, predominantly muted greys and blacks with soft red and white accents, is calming and harmonious, completely devoid of the vibrant, clashing, or intense hues often associated with anger. The composition is balanced and open, conveying tranquility rather than tension or struggle. The overall impression is one of gentle beauty and natural quietude, which is antithetical to any feeling of anger."
82African-Art-Paintings-002.jpg,leslie,5.0,"The painting, depicting women engaged in daily labor, potentially under challenging conditions (carrying bundles, a hoe, and babies), could evoke a very minimal degree of anger for a viewer sensitive to issues of social inequality, the division of labor, or the burdens often placed upon women in various societies. The sight of individuals, particularly women with infants, undertaking strenuous tasks might trigger a faint frustration or anger at the perceived hardship or lack of support systems that necessitate such a lifestyle. However, this emotion is extremely mild and indirect. The artwork itself does not contain visual elements typically associated with anger: there are no harsh lines, aggressive poses, distressed expressions, or a confrontational color palette. The scene is presented with a sense of rhythm and routine, almost serenely, and the warm, earthy tones contribute to a contemplative rather than an agitative mood. Therefore, any anger felt is a subtle, secondary emotional response stemming more from an external interpretation of the depicted social reality than from the painting's direct intent or its visual characteristics."
84_7-CV-50.jpeg,leslie,40.0,"The painting evokes a moderate sense of anger, largely stemming from the depiction of a harsh and dangerous environment for the fishermen. The most prominent element contributing to this is the shark with bared teeth in the background, symbolizing an immediate threat and the hostile, unforgiving nature of the sea. This environmental aggression can naturally incite feelings of frustration or anger in those who must contend with it for their livelihood.

Furthermore, the dynamic poses of the background figures, engaged in what appears to be a strenuous struggle with their catch and the swirling waters, suggest an arduous and challenging existence. Such constant hardship and the potential for danger can breed a simmering anger or deep-seated frustration. While the central figure's expression isn't overtly furious, his heavy, weary gaze could be interpreted as carrying the burden of this frustration or a quiet resentment towards the difficult conditions of his life. It's not an explosive, outward anger, but rather a profound, internalized weariness that often accompanies prolonged struggle and the confrontation with external threats. The anger is an underlying current, a logical emotional response to the depicted struggle and inherent dangers of their profession, rather than an explicit, dominant display."
85_2003_cuban_painting_alberto_4_la_cola.jpg,leslie,0.1,"There are virtually no visual cues within this painting that evoke or suggest anger. The overall impression is one of placidity, contentment, or even a blissful repose. All figures, from the man on the left reading his newspaper to the woman with her hair in curlers and the child in the foreground, have their eyes closed and their lips pursed, an expression that conveys a sense of peacefulness, enjoyment, or a state of being lost in thought or sensation, rather than any form of agitation or displeasure. There are no furrowed brows, tensed muscles, sharp angles, or aggressive postures that would indicate anger. The color palette is warm and inviting, dominated by soft yellows, oranges, and earthy tones, which further contributes to a calm and serene atmosphere. The rounded, voluminous forms of the figures, characteristic of the artist's style, lend a feeling of softness and abundance, completely devoid of the tension or harshness often associated with anger. The activities depicted, such as reading a newspaper or smoking a cigar, are typically associated with relaxation. Therefore, anger is entirely absent from the emotional landscape presented in this artwork. A score of 0.1 is given to acknowledge the absolute minimum possibility, but in practical terms, it is effectively zero."
86original-paintings-two-lovely-australian-terrier.jpg,leslie,0.1,"There is virtually no discernible presence of anger in this painting. The two West Highland White Terriers are depicted with soft, gentle expressions. The dog on the left has its head tilted in what appears to be a curious or endearing gesture, with no tension in its facial features or body language. Its eyes are wide and innocent. The dog on the right also displays a calm demeanor, with a slightly open mouth that suggests panting or a relaxed 'smile,' typical of a happy dog. Its eyes are bright and alert, but not narrowed or intense in a way that would suggest aggression or displeasure. Neither dog is snarling, baring teeth, growling, or showing any defensive or aggressive posture. Their bodies are relaxed, sitting calmly on what appears to be a stone surface amidst some ivy. The presence of a tennis ball and another toy further reinforces a playful and tranquil atmosphere rather than one of conflict or frustration. The overall color palette is soft and natural, contributing to a serene and pleasant mood. There are no visual elements, such as harsh lines, distorted features, or agitated brushstrokes, that would evoke feelings of anger or discord. The painting exudes a sense of peace, companionship, and gentle curiosity, making any interpretation of anger almost entirely absent."
87the_dawn.jpg,leslie,0.0,"The artwork displays absolutely no discernible elements that would evoke or represent anger. The central figure is depicted in a graceful, flowing pose, with her head gently bowed and a serene, almost contemplative expression. Her body language suggests dance, introspection, or perhaps a dreamlike state, but none of the tension, aggression, or harshness associated with anger. The surrounding environment, characterized by swirling blues and ethereal, faint figures, creates a mystical and calm atmosphere rather than one of conflict or rage. The color palette, predominantly cool blues and greens with soft accents of warm colors on the figure, is harmonious and soothing, lacking any sharp, jarring, or intensely red tones often used to symbolize anger. There are no clenched fists, furrowed brows, violent movements, or destructive imagery. The entire composition exudes a sense of peace, beauty, and ethereal movement, making the presence of anger completely absent from the visual narrative."
88look-of-Egyption-750x1024.jpg,leslie,0.0,"There is absolutely no discernible element within this painting that elicits or conveys anger. The central figure, reminiscent of Nefertiti, possesses a serene and contemplative gaze directed upwards, showing no signs of distress, frustration, or aggression in her facial expression or posture. Her lips are gently closed, and her eyes are wide and calm. The surrounding elements further reinforce this absence of anger: the black cat is depicted in a regal, poised stance rather than an aggressive one; the scarab beetle is a symbol of rebirth and protection, not conflict; and the Eye of Providence symbol, while powerful, does not carry connotations of anger. The color palette, though vibrant, is harmonious and lacks the sharp, clashing, or dark tones often associated with rage or turmoil. There are no harsh lines, violent scenes, or chaotic compositions that might provoke an angry response. The overall mood of the painting is one of mystique, grace, and ancient reverence, completely devoid of any emotional tension or an underlying current of fury."
89timthumb.jpg,leslie,5.5,"The image presents a dramatic and somewhat turbulent sky with dark, heavy clouds mingling with lighter, more scattered formations. This unsettled atmospheric condition, particularly the darker cloud masses, could subtly suggest an underlying sense of turmoil or agitation, which might be a distant echo of a volatile mood often associated with anger. Furthermore, the central rock formation, with its sharp, jagged, and spire-like peaks, protrudes aggressively from the clouds, conveying an imposing and perhaps harsh presence. This sharp, unyielding form could be interpreted as embodying a degree of defiance or severity. However, there are no direct visual cues of rage, conflict, or explicit hostility. The overall grandeur and natural phenomenon depicted tend to overshadow any direct emotional representation of anger, making the feeling extremely subtle and indirect. The dramatic lighting also contributes more to a sense of awe than overt aggression."
91landscape-painting-6.jpg,leslie,0.5,"The painting, a vibrant impressionistic depiction of a sun-drenched forest path, presents absolutely no visual cues or thematic elements that could evoke anger. The dominant palette of warm yellows, bright greens, and oranges, contrasted with cooler blues and greys in the background, creates an inviting and luminous atmosphere. These colors are associated with warmth, nature, light, and serenity, rather than any form of aggression, conflict, or irritation. The subject matter itself—a tranquil woodland scene bathed in sunlight—is inherently peaceful and calming. There are no figures, violent gestures, chaotic forms, or dark, oppressive imagery that might stir feelings of anger or frustration. While the brushwork is energetic and textural due to the impasto technique, this energy translates as lively and expressive, reflecting the dynamic play of light and foliage, not an agitated or hostile force. The overall impression is one of natural beauty, tranquility, and optimistic light, which stands in direct opposition to the emotional state of anger. A score very close to zero is given to acknowledge the remote possibility of highly idiosyncratic personal interpretation, but objectively, the painting lacks any discernible elements that would typically generate or reflect anger."
94-realistic-painting-musician.jpg,leslie,0.0,"There are absolutely no visual cues within this painting that suggest anger. The subject, a man playing a guitar, is depicted with his head bowed and resting against the instrument's headstock, his eyes downcast or closed. This posture and facial expression convey deep introspection, weariness, or profound sorrow, but not anger. There are no furrowed brows indicative of rage, clenched fists, tense shoulders, or any agitated lines or gestures that would communicate aggression or resentment. The overall mood of the painting is one of somber reflection or lament, entirely devoid of any forceful or explosive emotional energy associated with anger. The muted color palette further reinforces a quiet, internalized emotional state rather than an outward, agitated one."
95Cherry_Ripe_1879.jpg,leslie,0.0,"There is absolutely no discernible indication of anger present in this painting. The young girl's facial expression is devoid of any typical signs of anger, such as a furrowed brow, narrowed eyes, a tensed jaw, or a grimace. Her wide, direct gaze conveys a sense of innocence, seriousness, or perhaps a touch of curiosity, but not hostility or resentment. Her mouth is soft and relaxed, showing no tension or displeasure. Furthermore, her body language, with hands clasped gently in her lap, suggests a calm, composed, and possibly contemplative or shy demeanor, rather than any form of aggression, frustration, or agitation associated with anger. The overall impression conveyed by the subject and the scene is one of serenity and quiet presence, completely lacking any visual cues that would evoke or represent the emotion of anger."
97Animal-Oil-Painting-Art-Painting-On-100-Canvas-AN-10013-A-.jpg,leslie,18.0,"The painting depicts an elephant with a direct, head-on gaze, which conveys a sense of powerful presence and direct confrontation. This intense eye contact from such a formidable animal can evoke a slight feeling of apprehension or seriousness, which might be distantly related to the primal awareness of potential aggression. However, there are no overt signs of active anger or rage. The elephant's ears are not fully flared forward in a charging or aggressive display, its trunk is not raised or trumpeting, and its eyes do not convey fury, tension, or a clear intent to attack. The overall expression is more stoic, watchful, and majestic than overtly enraged. While the sheer power of the animal is evident and could be a precursor to anger in a different context, the painting itself does not capture an *active* state of anger; rather, it portrays a powerful being that demands respect and attention. The subtle hint of potential intensity is the only element that prevents a score closer to zero."
98_009-113.jpeg,leslie,0.0,"As an art expert analyzing this painting for the emotion of anger, I find absolutely no visual cues or thematic elements that would evoke this feeling. The subject, a dog, is depicted with a placid and calm expression; its eyes are gentle, and there is no tension in its facial features or body posture that would suggest aggression, irritation, or rage. Its stance is relaxed, not confrontational or agitated. Furthermore, the surrounding environment—a vibrant landscape under a clear blue sky—is rendered with bright, harmonious colors (lush greens, warm oranges, serene blues) that foster a sense of peace and idyllic tranquility, entirely devoid of the tumultuous or jarring qualities often associated with anger. There are no harsh lines, violent brushstrokes, or unsettling compositions that might convey a sense of conflict or displeasure. The overall impression is one of contentment and quiet observation, leaving no room for any interpretation of anger within the artwork or as a response to it."
