image,image_category,sadness_rating,sadness_explanation
01Klimt-Beethovenfries.png,leslie,40.0,"The depiction of sadness in this artwork is present, though it is a quiet, solemn, and perhaps resigned form of sadness rather than an overtly expressed one. The primary source of this emotion emanates from the figures on the left panel, specifically the ""Supplicating Women."" Their uniform, downcast expressions, with eyes closed or gazing solemnly downwards, suggest an inward reflection or a deep-seated weariness. Their posture, appearing almost burdened, conveys a sense of suffering or a plea for solace, which inherently carries"
07Monet-nympheas.jpg,leslie,1.0,"This painting, ""The Japanese Footbridge"" by Claude Monet, evokes virtually no sense of sadness. The dominant palette of vibrant greens, with splashes of light yellow and pink from the water lilies, creates an overwhelmingly lush and lively atmosphere. There are no dark, somber, or muted colors that typically convey melancholy or despair. The subject matter itself – a serene garden pond with a graceful bridge – is inherently peaceful and beautiful, devoid of any elements suggesting loss, struggle, or solitude. The light, even if filtered by foliage, feels bright and natural, illuminating the scene rather than casting it into gloom. The brushwork, characteristic of Impressionism, is lively and dynamic, contributing to a sense of natural movement and vitality. There are no discernible figures, desolate landscapes, or heavy forms that could be interpreted as conveying sorrow. The overall impression is one of tranquility, natural beauty, and a harmonious balance, which stands in stark contrast to any feeling of sadness."
100painting-04.jpg,leslie,0.5,"The painting evokes virtually no sense of sadness. The scene is one of pristine natural beauty, featuring majestic snow-capped mountains under a clear blue sky with fluffy white clouds, a serene, reflective lake, and lush green trees. The color palette is vibrant and natural, dominated by calming blues, crisp whites, and various shades of green and earthy tones, all of which contribute to a feeling of peace and tranquility rather than sorrow. There are no elements typically associated with sadness, such as somber or muted colors, stormy or desolate weather, decaying natural elements, or any depiction of struggle or loss. The overall atmosphere is one of peaceful grandeur and inviting serenity, leaving no room for a feeling of melancholy or despondency. The clean, untouched quality of the landscape further reinforces a sense of harmony and well-being."
103red-plum-painting-water.jpg,leslie,1.5,"The painting, a still life of a single plum, evokes a negligible sense of sadness. The subject matter itself – a healthy, vibrant piece of fruit – does not inherently carry any connotations of sorrow or distress. The rich, warm color palette of reds, purples, and earthy browns contributes to a feeling of natural beauty and ripeness rather than gloom. The lighting is soft but clear, highlighting the fruit's form and texture, and does not create any shadows or tones that might suggest melancholy or somberness. While the plum is depicted in solitude, this solitary presentation focuses on the object's intrinsic qualities and presence, rather than implying loneliness or isolation. The small droplets on the surface below the plum could be interpreted as moisture, perhaps suggesting freshness or dew, which tends to lean towards vitality rather than sadness. There are no elements of decay, wilting, or a narrative that would introduce themes of loss, grief, or struggle. The overall impression is one of calm observation and appreciation for the simple beauty of nature, leaving very little room for an emotional response of sadness."
104Strawberries_oil_painting_by_belka10.jpg,leslie,0.5,"The image, depicting a vibrant and abundant collection of ripe strawberries, evokes no sense of sadness whatsoever. Strawberries are widely associated with freshness, sweetness, summer, and positive sensory experiences, none of which align with feelings of sorrow or melancholy. The rich red hues and lively green stems contribute to an overall impression of vitality and natural beauty. There are no elements within the composition, such as wilting, decay, dark and oppressive shadows, or a somber narrative, that would traditionally trigger a sad emotional response. The image is bright, full, and appealing, suggesting a mood of natural joy and bounty rather than any form of distress or sorrow. The score of 0.5 acknowledges the theoretical possibility that any image could illicit a minuscule, idiosyncratic negative response in someone, but practically speaking, the artistic choices and subject matter actively work against the emotion of sadness."
111abstract.jpg,leslie,85.5,"The painting strongly evokes a sense of profound sadness primarily through its dominant cool and desaturated color palette. The extensive use of various shades of gray, black, and deep muted blues inherently creates a somber, melancholic, and heavy atmosphere. These colors are widely associated with sorrow, gloom, and a lack of vitality, contributing significantly to a feeling of despondency. The agitated and somewhat chaotic brushstrokes, particularly in the central dark mass, suggest internal turmoil, distress, or a feeling of fragmentation. This turbulent energy, while abstract, resonates with the emotional disquiet and profound heaviness often experienced during deep sorrow or grief. The sharp, fragmented white and golden accents, rather than offering relief or hope, appear more like fleeting, sharp moments of pain, or perhaps a desperate struggle against an overwhelming darkness, further intensifying a sense of despair or desolation. The overall composition feels weighty and dense, especially at the bottom, conveying a burdensome sensation that aligns with the physical and emotional weight of sadness. There are no elements of joy, tranquility, or vibrant energy present that would counteract this pervasive feeling of somberness and distress."
114Degas Dancers pastel 1899.jpg,leslie,25.0,"The painting conveys a subtle, introspective mood rather than overt sadness. The most significant indicator is the posture of the central dancer, whose head is bowed, and gaze directed downwards. This pose can suggest modesty, deep thought, or a quiet melancholy, which is a facet of sadness. Similarly, the dancer on the left has an upward gaze that could be interpreted as weariness or a pensive state, rather than joy or engagement. The overall muted color palette and the lack of energetic, expressive faces or gestures contribute to an atmosphere that is far from cheerful or vibrant. There are no explicit signs of distress, tears, or a universally recognized sad expression. The figures appear absorbed in their individual states, which might hint at a quiet, internal world that is not necessarily joyful. However, these interpretations are subtle and not definitively indicative of strong sadness; the poses could equally represent concentration, exhaustion from their rigorous activity, or simply a moment of contemplation. Therefore, while a gentle undercurrent of subdued emotion or quiet introspection exists, it does not escalate to a pronounced or obvious display of sadness."
115broadway.jpg,leslie,0.0,"This artwork, Piet Mondrian's ""Broadway Boogie Woogie,"" is a quintessential example of geometric abstraction, characterized by its strict adherence to primary colors (red, blue, yellow), white, and a grid of lines. There is absolutely nothing in its visual language that suggests or evokes sadness. The composition is highly dynamic and rhythmic, with small, vibrant blocks of color moving within a complex grid, evoking the lively, syncopated beat of boogie-woogie music and the bustling energy of Broadway. The bright, pure colors and the active, fragmented patterns create a feeling of vivacity and movement, rather than any sense of melancholy, despair, or somberness. There are no dark tones, drooping forms, or evocative narratives typically associated with conveying sadness in art. The painting is entirely devoid of emotional cues that could be interpreted as sorrowful or tragic, focusing instead on structure, rhythm, and color interplay to create a sense of vibrant energy."
120step_by_step.jpg,leslie,5.0,"The painting does not strongly convey sadness. The dog's expression is quite neutral and direct, with large, dark eyes that reflect light, giving them a gentle rather than sorrowful appearance. There are no visible cues such as downturned mouth, furrowed brows, or a wistful gaze that would typically indicate sadness. The overall posture is alert and engaged. Furthermore, the vibrant and warm color palette, along with the soft, inviting brushwork, contribute to a sense of vitality and warmth, which is generally counter to feelings of melancholy or grief. While one might interpret a slight pensiveness in the dog's stare, it is far from an expression of distress or sorrow."
122acrylic-painting.jpg,leslie,5.0,"The painting primarily evokes feelings of peace, tranquility, and the vibrant beauty of autumn, rather than sadness. The dominant warm colors—bright oranges and yellows in the foliage, and varied greens in the grass—tend to suggest vitality, warmth, and the splendor of the season, which are generally antithetical to feelings of sorrow. The clear, light blue sky further contributes to a sense of pleasantness and openness.

There are no overt elements within the composition that signal distress, loss, or melancholy. There are no human figures conveying sadness, nor are there any symbolic representations of grief or despair. The scene depicts a serene rural landscape, with a rustic barn and a winding path, which commonly elicit feelings of nostalgia, calm, or a connection to nature's cycles rather than sorrow.

The very low score of 5 acknowledges only the extremely subtle and highly subjective possibility that a viewer might associate the autumn season with the end of a cycle or the approach of winter, which *can* sometimes carry a faint undertone of melancholic reflection on passing time. Similarly, the weathered appearance of the barn could, for some, evoke a fleeting sense of things aging or time marching on. However, these are highly tenuous connections to sadness, and they are overwhelmingly overshadowed by the painting's vibrant palette and the overall impression of peaceful, natural beauty. The scene is far from desolate or emotionally heavy; it is full of light and natural energy."
127Raphael.jpeg,leslie,12.5,"The depiction of sadness in this portrait is remarkably low, almost negligible. The subject's direct and unwavering gaze, while deeply engaging, does not convey any overt signs of sorrow or distress. His eyes lack the typical indicators of sadness such as redness, a downcast quality, or the appearance of tears. Similarly, his mouth is closed and set in a firm, neutral line, devoid of any downturned corners or the quivering often associated with emotional pain. While there is a subtle furrow in his brow, it appears to indicate concentration, seriousness, or perhaps a thoughtful disposition rather than an expression of deep unhappiness or grief. The overall demeanor is one of dignified solemnity and composure, with an internal focus that does not overtly project a sorrowful state. There are no slumped shoulders, hands wrung in anguish, or other body language cues that might suggest sadness. The absence of overt cheerfulness contributes to a serious atmosphere, but seriousness is not synonymous with sadness. Any perceived melancholy would be incredibly subtle, stemming more from the lack of effusive joy than from explicit signs of sorrow, placing its emotional register far from the spectrum of profound sadness."
130woodblock1.jpg,leslie,25.0,"The painting evokes a very subtle and indirect sense of melancholy or hardship rather than overt sadness. The winter setting, with its snow-covered landscape and bare trees, can inherently carry an atmosphere of quietude, dormancy, and perhaps a touch of solemnity, which might be interpreted as a low-level of sadness or longing for warmth and vitality. The figures, particularly the two individuals trudging up the snowy slope, appear to be engaged in an arduous journey, their postures suggesting effort and the challenges of movement in a cold environment. This implied struggle or endurance could contribute to a feeling of quiet toil. The solitary nature of the scene, with isolated houses in the distance and a single rider on a bridge spanning a ravine, might also suggest a sense of isolation or the quiet perseverance of life in challenging conditions.

However, the image lacks any explicit depictions of sorrow or despair. There are no tears, no dramatic expressions of grief, no symbols of loss. The figures are small and their faces are not discernible, preventing any direct reading of their emotional states. The colors, while cool, are not oppressive or gloomy; the blue of the water is quite vibrant. The overall impression is one of quiet determination and the vastness of nature, rather than a scene steeped in profound sorrow. The potential for sadness is therefore largely based on interpretation of the context (winter, arduous travel) rather than direct visual cues of emotional distress."
131landscape.jpeg,leslie,5.0,"The depiction in this ink wash landscape evokes an exceptionally low degree of sadness. The monochromatic palette, while lacking vibrant color, is a foundational characteristic of traditional Chinese painting and is primarily employed to convey depth, spiritual essence, and a meditative tranquility, rather than a somber or sorrowful mood. While the vastness of the landscape and the ethereal mist might suggest a sense of quietude or even isolation, this translates more into a feeling of profound peace and contemplation rather than despair or loneliness. There are no human figures expressing sorrow, nor any narrative elements that would imply loss, grief, or struggle. The towering mountains convey stability and timelessness, and the serene water and trees speak to the enduring beauty of nature. Any potential, highly subjective undertone of wistful contemplation or the gentle melancholy associated with the passage of time is extremely subtle and entirely overshadowed by the overarching sense of calm, majesty, and harmonious balance. The painting lacks any visual cues typically associated with active sadness, such as desolate scenes, explicit signs of decay, or a narrative of suffering."
134DiegoRivera_DreamCenter.jpg,leslie,28.5,"The painting does not convey an overt or overwhelming sense of sadness; there are no figures depicted in active despair, weeping, or intense grief. However, a subtle undercurrent of melancholy and contemplation of mortality is present, which contributes to a moderate level of sadness. This is primarily evoked by the central figure of La Calavera Catrina, who, despite her elegant attire, is a skeletal representation of death. Her presence serves as a memento mori, reminding the viewer of the transient nature of life, a theme that can inherently evoke a gentle, philosophical sadness. Furthermore, the pensive and somewhat somber expression on Frida Kahlo's face, a figure known for her life of physical and emotional suffering, introduces a personal layer of wistfulness. The inclusion of older historical figures, some appearing weary or frail (like the crutch-bound general), subtly suggests the weight of history, past struggles, and the inevitable passage of time, which can carry a quiet sense of loss or a contemplative sorrow. The autumnal colors of the background, while vibrant, can also symbolize the end of a cycle or decline, adding a gentle wistful quality to the scene. The overall mood is more contemplative and historical than overtly tragic, thus the sadness is more intellectual and symbolic than emotionally visceral."
135kahlo.JPG,leslie,75.0,"The painting strongly conveys a sense of sadness, primarily through several key elements. Most prominent is the anthropomorphized coconut in the lower center, which possesses a distinct, clearly sorrowful face with downturned mouth and wide, almost forlorn eyes. This direct visual representation of sadness injects a palpable note of melancholy into the scene. Furthermore, the painting's title, ""La novia que se espanta de ver la vida abierta"" (""The bride who is frightened at seeing life opened up""), is central to understanding the emotional tone. The concept of a ""bride"" (often symbolizing new beginnings, innocence, or joy) being ""frightened"" by the raw reality of ""life opened up"" suggests a profound loss of innocence, a confrontation with daunting truths, or a sense of being overwhelmed by the world's complexities. This underlying narrative evokes a deep pathos and sadness for the vulnerable figure represented by the small doll. The doll itself appears small and somewhat recoiling amidst the overwhelmingly large and openly displayed fruits, further emphasizing her apprehension and potentially sorrowful realization about life's unvarnished nature. While other emotions like fear are present, the emphasis on the overwhelming and potentially disheartening aspects of ""life opened up"" for a seemingly innocent figure, combined with the explicit sadness of the coconut, creates a pervasive atmosphere of melancholy and sorrow."
136ship.jpg,leslie,15.0,"The painting evokes a very subtle and understated sense of pensiveness or wistfulness rather than overt sadness. The woman's gaze is directed outwards towards the distant city, and her profile makes it difficult to discern a clear emotional expression. While her solitude on the deck and her distant look might suggest a moment of quiet contemplation or perhaps a gentle melancholy about a journey or a departure, there are no strong visual cues typically associated with sadness, such as tears, a downturned mouth, furrowed brow, or slumped posture. Her upright stance and composed demeanor indicate composure rather than distress. The muted color palette and the quiet atmosphere contribute to a serene, reflective mood, which can sometimes carry a faint melancholic undertone, but it does not convey a profound or even moderate level of sorrow. The presence of flowers, while potentially a farewell gift, does not inherently signify sadness; they could just as easily mark a pleasant occasion. Therefore, any perceived sadness is minimal, more akin to a faint wistfulness or a moment of pensive thought than a true emotional state of sorrow."
137girl.jpeg,leslie,5.0,"The painting conveys a dominant sense of pensive contemplation rather than overt sadness. There are no explicit indicators of sorrow such as tears, a downturned mouth, a furrowed brow, or slumped posture typically associated with"
138field.jpg,leslie,2.5,"The painting conveys an exceptionally low degree of sadness, verging on its complete absence. There are no overt visual indicators to suggest sorrow, grief, or melancholy. The two figures, women in what appears to be rustic attire, are depicted walking along a peaceful riverside path. Their postures are upright and engaged, not slumped or dejected, nor do they exhibit any signs of physical distress or weariness that might subtly hint at sadness. While their facial expressions are not precisely discernible, there are no visible frowns, tears, or other common expressions of sorrow. Their interaction, whether in conversation or companionable silence, suggests connection and activity rather than isolation or despair.

The color palette, dominated by natural greens, blues, and earthy browns, creates a serene and tranquil atmosphere rather than a somber or oppressive one. The light, though diffused, is not gloomy. The setting itself—a calm river, gently rolling hills, and verdant foliage—contributes to an overall sense of peacefulness and pastoral beauty, entirely devoid of desolate or mournful qualities. There are no symbolic elements, such as wilting flowers, broken objects, or a desolate landscape, that would typically be employed to evoke sadness in art. The scene simply depicts a quiet moment of everyday life or a gentle stroll, and while it lacks overt displays of joy, this neutrality should not be interpreted as sadness. The overall impression is one of calm, routine, or contemplation, which actively works against any significant feeling of sadness."
139book.jpeg,leslie,82.0,"The painting evokes a profound and weighty sense of sadness through several key elements. The primary contributor is the figure's posture: hunched over, head resting heavily on cupped hands, suggesting a deep internal burden or profound weariness. This is a universally recognized pose for melancholy, introspection, or quiet despair. The monumental, almost sculptural quality of the abstracted forms emphasizes this emotional weight, making the figure appear physically bowed down by unseen sorrow. The muted, earthy tones of the figure, set against a subdued blue background, create a somber and introspective atmosphere that aligns with feelings of sadness. There is no outward expression of distress, such as tears or dramatic gestures, but rather an internalized, pervasive sorrow that seems to permeate the entire being of the figure, suggesting a deep, contemplative melancholy rather than fleeting sadness. The focus of the figure, seemingly absorbed in the object before them (possibly a book), reinforces a state of profound mental preoccupation, which in this context, strongly leans towards a sorrowful rumination."
140abstract.jpg,leslie,5.0,"The painting, with its deep blue background and stark white, fluid forms, offers very little to directly evoke or represent sadness. There are no conventional visual cues typically associated with this emotion, such as human figures displaying sorrowful expressions, tears, a somber or muted color palette often linked to melancholy, or symbolic imagery of loss, grief, or despair.

While the color blue can sometimes be associated with sadness or introspection, the specific shade used here is a vibrant, rich hue, more reminiscent of a clear sky or deep ocean than a gloomy or oppressive atmosphere. The bright white shapes stand in sharp contrast, creating a dynamic rather than a sorrowful impression. The forms themselves are abstract and organic, resembling a stylized hand or liquid splashes. While these shapes are somewhat fragmented or detached from the main white mass, this separation does not inherently convey a sense of pain, loneliness, or brokenness. Instead, it appears more as a compositional choice highlighting movement or individual elements within the abstract design. The small, eye-like or head-like element at the top, with its red and black accents, does not exhibit any distressed or mournful expression. Its clean lines and distinct form contribute to the overall feeling of a precise, conceptual, and somewhat surreal image, rather than one charged with emotional anguish. Any interpretation of sadness would be highly subjective and based on a loose association, as the primary visual language of the artwork does not lean towards conveying this emotion."
141woman.jpg,leslie,42.0,"The portrayal of sadness in this painting is subtle and internalized, rather than overtly expressed. The subject's eyes, while a striking blue, lack any discernible sparkle or direct engagement, appearing somewhat vacant or lost in thought. This inward gaze contributes to a sense of detachment or preoccupation, leaning towards a pensive, melancholic state rather than active joy. The mouth is a small, straight line, not downturned in a frown, but also not smiling, which adds to the solemn and unexpressive quality of the face. There are no tears or overt signs of distress. However, the overall demeanor of the woman, characterized by a certain stillness and lack of vivacity, suggests a quiet resignation or an underlying, unarticulated sadness. The muted, dark brown and reddish background also contributes to a somewhat somber atmosphere. It's a sadness of quiet contemplation or introspection, rather than one of despair or active sorrow, which keeps the score from being high, yet it's undeniably present as a subtle emotional undercurrent."
142girl.jpg,leslie,15.0,"The portrayal of sadness in this painting is extremely subtle, almost bordering on absence. The young girl's facial expression lacks any overt indicators of distress, such as tears, a furrowed brow, or a pronounced frown. Her eyes, while direct and large, convey more of a solemn or pensive gaze than one filled with sorrow. There is a very slight, almost imperceptible downturn at the corners of her mouth, which prevents the expression from appearing joyful or entirely neutral, lending it a quiet seriousness. The dark, somber background could contribute to a slightly melancholic atmosphere, but the girl's well-lit face and active engagement in drawing suggest a state of focused concentration rather than emotional despair. Her posture is upright and engaged, contrasting with typical body language associated with sadness like slouching or withdrawal. Overall, any perceived sadness is minimal, stemming primarily from a lack of overt happiness and a subtle air of pensiveness, rather than any clear signs of an actively sad emotional state."
143matisse.Jpg,leslie,32.0,"The feeling of sadness conveyed by this painting is subtle and not overtly expressed. The woman's face, while not displaying distress or tears, has several features that contribute to a sense of quiet melancholy or introspection. Her eyes are large and dark, with a slight downturn at the outer corners, and she avoids direct eye contact with the viewer, looking slightly down and to the side. This averted gaze often suggests a private, inward state of mind, which can be tinged with pensiveness or a subdued form of sadness. Her lips form a thin, closed line, lacking any hint of a smile, which, in the absence of other positive indicators, can lean towards a feeling of unexpressed emotion or quiet solemnity. The pose, with her hands clasped or resting on an object, is contained and still, further reinforcing a sense of introspection rather than dynamic or cheerful engagement. While the colors are vibrant, characteristic of Matisse's style, the blue background, though not dark, provides a cool backdrop that can subtly complement a mood of contemplation. The overall impression is one of a figure lost in thought, possibly wrestling with unspoken feelings that lean away from joy and towards a quiet, underlying wistfulness or very mild sadness, rather than an intense sorrow."
144woman.jpeg,leslie,25.5,"The painting evokes a very subtle, almost imperceptible sense of sadness, hence a low score. The subject's posture, with her head slightly bowed and gaze directed downwards, conveys an inward-looking, contemplative state rather than one of outward joy or engagement. This introspective and seemingly withdrawn demeanor, combined with her solitary presence, might suggest a moment of quiet melancholy or a subdued inner world. While there are no overt indicators of distress, such as tears or a slumped posture, the overall atmosphere of quiet absorption can be interpreted as a pensive moment that holds a gentle, low-level wistfulness. The ambiguity of her expression and the tranquil setting prevent a higher score, yet the potential for a viewer to perceive a touch of quiet sorrow or mild melancholy within this profound stillness is present."
145banjo.jpg,leslie,5.0,"The painting exhibits very few, if any, elements that would evoke a feeling of sadness. The subject's facial expression, in particular, does not convey any typical signs of sadness such as downturned lips, furrowed brows, or a distant, melancholic gaze. Instead, his eyes are bright and engaged, looking off to the side with what appears to be a slight, natural smile revealing his teeth. His posture is active, as he is depicted playing the banjo, an instrument often associated with lively music and enjoyment. There is no sense of dejection, sorrow, or despair in his body language or expression. The overall impression is one of engagement and perhaps a moment of musical contemplation or performance, rather than an emotion leaning towards sadness. The minor score is merely to acknowledge that complete emotional neutrality is rare in art, but there is nothing actively contributing to sadness here."
148trees.jpeg,leslie,7.0,"While the painting emanates a profound sense of tranquility and natural beauty, the evocation of sadness, though extremely subtle, can be perceived through specific atmospheric and compositional elements. The pervasive quietude and deep solitude, even with the presence of the deer, contribute to an atmosphere that, for some contemplative observers, might border on solemnity rather than pure exuberance. The soft, diffuse light filtering through the trees, while beautiful, lacks the vibrant intensity often associated with unbridled joy, lending the scene a more muted,"
149spots.jpg,leslie,35.0,"The artwork evokes a moderate sense of sadness through several interpretive elements. The dominant use of heavy, solid black masses creates a visual weight and density that can be associated with feelings of being burdened, oppressed, or consumed by a deep emotional state, which are often aspects of sadness. The stark contrast with the white background further emphasizes this feeling of isolation or a profound, all-encompassing darkness.

The most compelling element contributing to sadness is the vibrant red shape centrally placed within the largest black form. This red can be interpreted as a raw, exposed wound or a vital, pained organ (like a heart), symbolizing profound internal suffering or vulnerability. Alternatively, if the central black form is perceived as a head, the red shape could be seen as a gaping, wailing mouth, expressing an unspoken cry of grief or despair. The visceral nature of this red, set against the stark black, suggests a potent, immediate emotional pain.

However, the abstract nature of the forms prevents a higher score. There are no conventional visual cues for sadness, such as tears, a downcast gaze, or a visibly slumped posture. The shapes, while heavy, also possess an energetic or primitive quality that could be interpreted in ways unrelated to sorrow. The emotion conveyed is more an intense, raw feeling that *could* lead to sadness rather than an explicit depiction of it. The ambiguity allows for other interpretations, thus keeping the sadness score in a moderate range."
151guitar.jpg,leslie,2.0,"The painting, ""The Farm"" by Joan Miró, exhibits very little, if any, discernible sadness. The color palette, while containing earthy tones, is also punctuated by bright oranges, yellows, and greens, which do not inherently evoke feelings of sorrow or despair. There are no dark, desaturated hues typically associated with melancholic moods. The forms themselves are highly abstract and fantastical, often whimsical and playful. None of the figures, whether human-like, animal-like, or abstract objects, display any expressions or postures that suggest sadness, grief, or longing. Instead, the composition is bustling with activity and a sense of imaginative energy, with various elements interacting in a dreamlike, almost humorous way. The overall atmosphere feels more like a vibrant, if surreal, celebration of the artist's connection to his rural roots and the myriad components of farm life. There are no elements of loss, solitude, or hardship explicitly or implicitly conveyed. The feeling is one of quirky observation and poetic expression rather than emotional distress."
152horses.jpg,leslie,12.5,"The painting does not evoke a significant sense of sadness. The dominant use of bright yellow for the horses, a color commonly associated with warmth, energy, and joy, fundamentally counteracts any strong impression of sorrow. While the horses' heads are lowered, a posture that *could* in some contexts suggest contemplation or a somber mood, here it appears more indicative of rest, peaceful grazing, or a tranquil state rather than distress or unhappiness. There are no visual cues such as tears, expressions of pain, or overtly melancholic body language that would convey grief or despair. The surrounding blues and greens contribute to a serene and somewhat dreamy atmosphere, but not one laden with sorrow. The overall impression is one of calm, introspection, or even a majestic stillness, rather than any palpable sadness. Any potential for sadness is minimal, stemming only from a very subtle interpretation of the horses' lowered heads as pensive rather than restful, and it is largely overshadowed by the painting's vibrant palette and serene composition."
153eakins.Jpg,leslie,40.0,"The painting subtly conveys a sense of quiet introspection and potential melancholy, contributing to a moderate feeling of sadness. The subject's posture is key: his head is slightly bowed, eyes are downcast or perhaps closed in deep thought, and his right hand is raised to his face, covering his mouth and part of his beard. This gesture often signifies contemplation, a withdrawal into oneself, or a burdened state of mind, rather than one of joy or engagement. While there are no overt signs of distress like tears or a contorted expression, this inward focus and subdued demeanor suggest a profound pensive state that can easily be tinged with sadness or a deep, quiet melancholy. The muted color palette, dominated by browns, ochres, and deep blues, creates a solemn and serious atmosphere that further supports this interpretation. The overall mood is serious and contemplative, far from lighthearted, allowing for the subtle presence of sadness as an underlying emotion. It reflects a quiet, internal sadness rather than an outward display of grief."
154eakins.jpg,leslie,15.0,"The painting does not strongly convey an emotion of sadness. There are no overt visual cues such as tears, slumped postures, expressions of grief or despair, or a narrative context of loss or tragedy. The figures' faces, while serious and absorbed, do not register unhappiness or sorrow. The musician's upward gaze seems one of intense focus or inspiration, rather than sadness, and the listener's expression is one of attentive contemplation.

However, a very subtle undertone of solemnity or introspection might be interpreted as leaning towards a mild form of sadness or melancholy. The subdued lighting and earthy color palette contribute to a quiet, somber atmosphere, rather than a joyful or energetic one. The intense concentration of both figures suggests a deep emotional engagement with the music being played, which could potentially carry a wistful or melancholic resonance, even if not explicitly depicted as sorrowful. The scene evokes a sense of quiet reflection rather than overt distress, placing any potential sadness at a very low"
155woman.jpg,leslie,2.0,"The painting displays very little to no sadness. The central figure, a woman in the foreground, has a pleasant and engaged expression, with a slight smile visible through her veil. Her posture is active, suggesting she is moving purposefully. The man to her left appears calm and relaxed, leaning against a tree. The numerous figures in the mid-ground and background are too indistinct to show expressions, but their activities—walking, riding in carriages, sweeping the street—depict a bustling, everyday urban scene rather than one of sorrow or despair.

While the setting appears to be a damp or recently rained-on day, with wet streets reflecting light, this atmosphere leans more towards a sense of quiet observation or perhaps a subtle hint of melancholy for some, rather than outright sadness. There are no elements of loss, grief, or overt emotional distress depicted in any of the figures or the narrative of the scene. The overall impression is one of ordinary life unfolding on a somewhat muted day in Paris, devoid of any significant emotional weight of sorrow."
156houses.jpeg,leslie,1.5,"The visual elements within this painting offer virtually no discernible cues that would evoke a feeling of sadness. The dominant color palette of rich, warm reds and oranges on the rooftops, contrasted with bright, light-colored walls, creates an overall impression of vibrancy and warmth, rather than despondency or melancholy. There is an abundance of natural, clear light, suggesting a bright day, which inherently counters any sense of gloom or sorrow. Furthermore, the tightly clustered arrangement of the houses conveys a sense of community, coziness, and perhaps even vitality, which is antithetical to feelings of isolation or despair typically associated with sadness. There are no somber tones, desolate landscapes, or distressed figures that might otherwise contribute to a sorrowful atmosphere. The painting's aesthetic leans towards an inviting and perhaps even cheerful depiction of a neighborhood, leaving little, if any, room for an emotional response rooted in sadness. Any minimal score for sadness would likely stem from a highly subjective and indirect personal association rather than the inherent properties of the artwork itself."
158appleoil.jpg,leslie,0.1,"The painting exhibits virtually no visual cues that would typically evoke or represent sadness. The central figure, dressed in a vibrant red and yellow checkered costume reminiscent of a jester or performer, has a dynamic and engaged posture, leaning into the frame and reaching upwards towards stylized vines. This active pose suggests movement, performance, or engagement rather than dejection, weariness, or sorrow. While his exact facial expression is partially obscured, there are no visible signs of distress, such as downcast eyes, a downturned mouth, or tears. His gaze is directed upwards, implying focus, curiosity, or a sense of playfulness, which stands in stark contrast to expressions of sadness. Furthermore, the overall color palette is bright and high-contrast, dominated by a luminous yellow background and the bold red and yellow of the costume. These colors are commonly associated with cheerfulness, energy, and warmth, rather than the muted, cool, or dark tones often used to convey melancholy or despair. There are no elements in the composition, such as a somber setting, a solitary or isolated figure, or a narrative that implies loss or grief, which would contribute to a feeling of sadness. The whimsical and theatrical nature of the image fundamentally contradicts any sense of sorrow."
160mr-art-deco-2.jpg,leslie,20.0,"The painting conveys a very subtle, almost imperceptible sense of sadness, primarily through the man's facial expression. There are no overt indicators of profound sorrow, such as tears, a deeply downturned mouth, or a visibly slumped or defeated posture. However, a quiet melancholy or weariness can be inferred from the heavy-lidded eyes and the distinct shadows beneath them, which often suggest a lack of vitality or exhaustion that can accompany an underlying sadness. His mouth is a thin, straight line, indicating an absence of joy or warmth rather than active grief. The overall expression is one of intensity, detachment, or perhaps a solemn introspection, rather than overt emotional distress. The vibrant color palette and stylized, almost geometric presentation of the figure and setting do not contribute to a sense of despair or despondency; in fact, they might even mute or generalize any emotional depth. Therefore, any perceived sadness is extremely understated, manifesting as a quiet weariness or disengagement rather than an active, pronounced sorrow."
161andy-warhol-marilyn.jpg,leslie,10.5,"The ""Marilyn Diptych"" does not overtly convey sadness through its visual elements. Marilyn Monroe's facial expressions across the various panels are primarily neutral, slightly smiling, or suggestive, lacking any traditional indicators of sorrow such as tears, a downturned mouth, or a furrowed brow. The vibrant, artificial color palettes used throughout the nine images evoke energy, superficiality, and a pop culture aesthetic, rather than the somber or muted tones typically associated with sadness.

However, a very subtle and indirect sense of melancholy, which can verge on sadness, emerges from the artwork's conceptual approach. The repetitive, silkscreened replication of Monroe's image, a hallmark of Andy Warhol's Pop Art, strips away her individuality and transforms her into a mass-produced icon. This process of depersonalization and commodification, reducing a complex human being to a flattened, infinitely reproducible image, can evoke a subtle sense of loss, emptiness, or the tragic impact of fame. The lack of genuine, nuanced human emotion in her stylized portrayal, contrasted with the knowledge of her public persona, creates a conceptual void that might resonate with a contemplative sadness about the human condition and the nature of celebrity, rather than an immediate, direct emotional response of sorrow. This is a highly intellectualized form of sadness"
164peaceful_eve.jpeg,leslie,18.5,"The painting evokes a very subtle, almost subliminal sense of sadness, specifically a feeling of wistfulness or gentle melancholy, rather than profound sorrow or despair. This nuanced emotion arises primarily from the ethereal and transient quality of the scene. The soft, blending pastel hues of blue, green, yellow, pink, and lavender, while beautiful, possess an almost faded, dreamlike luminescence. This diffused palette can suggest the impermanence of beauty, like a cherished memory that is softly receding or a fleeting moment caught just before it vanishes. The atmospheric, cloud-filled sky, characteristic of dawn or dusk, inherently carries a sense of transition and passage of time. While breathtaking, the knowledge that such beauty is constantly shifting and ultimately ephemeral can instill a quiet ache or a gentle longing for what cannot be held. There's a certain ""otherworldliness"" to the colors and forms that, while captivating, also hints at something beyond reach or a beautiful reality that is not entirely graspable, leading to a tender, contemplative sadness. It's not a heavy or somber feeling, but rather a delicate undercurrent of poignant beauty and the inherent melancholy associated with fleeting moments."
166abstract.jpg,leslie,3.0,"The painting predominantly utilizes a vibrant and warm color palette, dominated by bright oranges and yellows, which generally evoke feelings of energy, warmth, and dynamism, rather than sorrow or melancholy. While the figures are rendered in a deep blue, which can sometimes be associated with sadness, in this context, it appears as a strong, solid color contrasting with the luminous background, contributing to the overall energetic and dynamic composition rather than creating a somber mood.

The forms themselves are abstract and fragmented, characteristic of Cubist or similar modern art movements. They are depicted in active, interlocked postures, suggesting movement, dance, or interaction, which conveys vitality rather than stillness or despair. There are no discernible facial expressions that indicate grief, tears, or sorrow; the stylized ""faces"" feature luminous orbs, suggesting light or focus, not distress.

Furthermore, there are no narrative elements, symbols, or contextual clues within the painting that typically convey sadness, such as scenes of loss, isolation, struggle, or introspection. The overall impression is one of vibrant activity and powerful forms, making it exceptionally difficult to associate with the emotion of sadness. The visual language strongly leans away from any somber or mournful feelings."
168mustache.jpg,leslie,12.0,"The emotion of sadness is minimally evoked in this painting. The central figure, a man in military attire, is depicted in a moment of quiet repose, reclining on a sofa. His posture is entirely relaxed and comfortable, leaning back with an arm resting over his head and his legs extended. This relaxed demeanor is inherently contradictory to typical visual cues of sadness, which often include slumped shoulders, a withdrawn stance, or a feeling of burden.

While the man's gaze is directed slightly away and upwards, suggesting introspection or deep thought, his facial expression does not convey overt sorrow. There are no visible signs such as a downturned mouth, furrowed brow, or tearful eyes that would explicitly indicate sadness. In fact, a faint, almost imperceptible upward curve at the corner of his lips hints at a neutral or perhaps slightly pensive contentment rather than distress. The act of smoking a cigarette, while often a solitary habit, is not in itself a marker of sadness in this context; it could equally signify a moment of leisure or contemplation.

The surrounding environment also does not contribute to a sense of sadness. The room appears warm and lived-in, with a decorative map on the wall and books on the bed, suggesting intellectual engagement or personal leisure. The military uniform and helmet casually discarded on the sofa might imply a temporary respite from duties, which could be arduous, but the immediate emotion conveyed is relief or comfort rather than sorrow for past or present hardships. There are no dramatic shadows, somber colors, or narrative elements (like loss or grief) that would imbue the scene with sadness. The overall impression is one of quietude and thoughtfulness, which is distinct from an experience of sadness."
169lighthouse.jpg,leslie,8.0,"The painting largely lacks elements typically associated with profound sadness. The sky is bright and clear, not dark, stormy, or oppressive, which usually dissipates feelings of gloom. The structures, including the prominent lighthouse and the accompanying buildings, appear sturdy and well-maintained rather than dilapidated or decaying, thus not conveying a sense of loss or despair. The overall lighting is strong and distinct, casting clear shadows, which contributes to a sense of clarity and presence rather than somberness or ambiguity.

However, a very subtle and almost imperceptible undertone that might lead to a low score for sadness stems from the painting's stark sense of isolation and the complete absence of human presence or activity. Lighthouses, by their very nature, are often solitary structures in remote locations, and Hopper's portrayal emphasizes this remoteness. This profound stillness and the lack of any human interaction or warmth can evoke a quiet sense of solitude or a contemplative wistfulness. While solitude itself is not inherently sad, for some viewers, the deep quietude and the absence of life might subtly hint at a feeling of loneliness or a quiet melancholy"
170abstract.jpg,leslie,48.0,"The painting evokes a subtle, atmospheric sense of sadness, leaning towards a quiet melancholy rather than overt sorrow or despair. The deep, saturated blue at the top of the canvas possesses a somber weight, suggesting a profound, perhaps heavy, emotional space that contributes to a contemplative, serious mood. This solemnity, while not inherently sorrowful, lays a groundwork for introspective feelings that can align with sadness. The soft, blurred edges characteristic of Rothko's style give the color fields an ethereal and transient quality; they seem to dissolve or emerge from a misty void. This ephemerality can evoke a gentle wistfulness or a quiet acknowledgement of impermanence, which is a facet of melancholy. While the dominant yellow-orange rectangle is luminous, its glow is contained and diffused, rather than bursting with unbridled joy or energy. This internalized light, framed by the heavier blue and the muted grayish-white below, suggests a more subdued"
171coffee.jpg,leslie,5.0,"The painting, with its warm and earthy color palette of yellows, creams, and browns, predominantly evokes feelings of comfort, warmth, and tranquility, typically associated with the act of enjoying coffee. The presence of two cups might suggest companionship or a shared moment, which generally counteracts feelings of sadness or loneliness. The abstract, bird-like form or rising steam above the cups contributes an ethereal, light quality, often symbolizing peace or upliftment, rather than melancholy. There are no dark, muted, or cool colors that might typically convey a somber mood, nor are there any visual cues such as downturned figures, desolate environments, or symbolic representations of loss or despair. The overall composition and subject matter lean heavily towards a sense of calm, simple pleasure, and domestic comfort.

However, a very slight, almost negligible, degree of sadness might be perceived by some if they interpret the scene as a quiet, solitary moment, perhaps emphasizing a stillness that could be tinged with a very subtle wistfulness or contemplation that borders on a gentle melancholy, rather than overt joy or companionship. The abstract nature means it's not explicitly portraying people, allowing for a neutral interpretation that, in certain subjective states of mind, might lean slightly towards quiet reflection that could carry a whisper of 'aloneness.' But this is a very remote and subjective interpretation; the primary feeling conveyed is one of serene comfort. Therefore, while not a core emotion evoked, a minimal score acknowledges the potential for a fleeting, introspective interpretation for a very small segment of viewers."
172piano.jpeg,leslie,0.1,"The painting evokes virtually no sense of sadness. The dominant color palette is characterized by bright, vibrant hues, including warm yellows and oranges alongside lively blues and greens. These colors are typically associated with joy, energy, and optimism, acting as a direct antithesis to the muted, dark, or cool tones often linked with sorrow or melancholy. There is an absolute absence of somber, heavy, or desaturated colors that could convey a feeling of gloom.

Furthermore, the composition features dynamic, fluid lines and abstract forms that suggest movement, rhythm, and improvisation, typical of the energy found in music. There are no drooping forms, heavy masses, or static, downward-sloping lines that might communicate despondency or a sense of weight. The overall impression is one of lightness and vivacity. The subject matter, an abstract representation of musical instruments, inherently points towards sound and performance, which are generally uplifting and engaging, devoid of any narrative elements or visual cues (such as figures expressing grief, scenes of loss, or solitary, isolated forms) that would typically trigger an emotional response of sadness. The visual language of the piece is entirely geared towards vibrancy and artistic expression, leaving no room for the contemplation or experience of sorrow."
173chubby.jpeg,leslie,1.5,"As an art expert observing this work by Fernando Botero, the emotion of sadness is strikingly absent. The figures' expressions offer no visual cues of sorrow; the man's gaze is placid and somewhat distant, but devoid of any frown lines, downturned mouth, or tearfulness, while the woman appears to be in a peaceful, serene sleep, her features relaxed. There is no bodily tension or posture indicating distress, but rather a sense of languid repose. The vibrant color palette, dominated by bright blues and greens, along with warm skin tones and colorful fruits, contributes to an overall cheerful and pleasant atmosphere, sharply contrasting with the muted or somber tones typically associated with sadness in art. The setting, a leisurely picnic in a pastoral landscape, is inherently associated with contentment and relaxation, not grief or melancholia. While Botero's voluminous figures can sometimes convey a sense of gravitas, in this specific context, the exaggerated forms read as monumental rather than mournful. There are no narrative elements—such as symbols of loss, separation, or internal conflict—that would suggest a deeper undercurrent of sadness. The overall impression is one of tranquility and quietude, devoid of any discernible visual or thematic indicators of sorrow. The extremely low score reflects this overwhelming absence, acknowledging only the barest, almost imperceptible possibility of a viewer projecting a fleeting hint of pensive detachment onto the man's expression, which could be vaguely linked to a quiet, unstated melancholy, but this interpretation is not supported by the vast majority of visual evidence."
174boat.jpg,leslie,5.0,"The painting evokes a very low degree of sadness, primarily due to the complete absence of any direct visual or narrative cues that would typically convey this emotion. There are no figures displaying sorrowful expressions, body language indicative of distress, or any explicit themes of loss, grief, or hardship. The scene depicts a tranquil, ordinary moment on a beach with two men engaged in quiet activities – one reading, another possibly tending to nets. Their demeanor appears calm and absorbed, rather than distraught or despondent.

While the color palette is somewhat muted with greyish skies and natural earth tones, contributing to a subdued atmosphere, this is more reflective of natural light conditions or a characteristic of watercolor artistry rather than an intentional choice to evoke melancholy. The overall mood is one of quietude and peace, a serene snapshot of daily life, which stands in contrast to feelings of sadness. Any perception of sadness would be extremely subtle and indirect, perhaps stemming from the sheer lack of vibrancy or dramatic energy, which for some viewers might subtly lean towards a contemplative quietude that could, very loosely, be associated with a mild, generalized melancholy. However, this interpretation is tenuous, as the dominant feeling conveyed is one of calm and everyday reality, not sorrow."
175the-family-african.jpg,leslie,0.0,"There are no visual elements within this painting that evoke sadness. The image depicts a family unit, including adults carrying babies on their backs and a child holding hands with an adult, suggesting connection, nurturing, and togetherness. The figures are shown standing upright, and their postures do not convey distress, sorrow, or despair. The use of vibrant colors (green, red, white) and a warm, earthy background further contributes to a sense of warmth and life, rather than melancholy. There are no signs of struggle, loss, isolation, or any other traditionally sad or somber themes. The overall impression is one of peace and familial bond, which is antithetical to sadness."
18Ernst-LaVilleEntiere.jpg,leslie,88.0,"The painting evokes a profound and pervasive sense of sadness primarily through its portrayal of desolation, decay, and the overwhelming weight of time and abandonment. The central subject, a vast, layered structure resembling ancient ruins or a desolate, forgotten city, immediately conveys a feeling of loss for what once was. These structures are not vibrant or inhabited; instead, they appear worn, broken, and devoid of life, suggesting a civilization that has long passed into oblivion. This visual narrative of impermanence and destruction inherently triggers a melancholic reflection on the fleeting nature of existence.

The color palette further amplifies this emotion. The dominant earthy browns, reds, and oranges, combined with an intense, almost sickly yellow-orange sky, create an atmosphere that feels oppressive, barren, and devoid of warmth or vitality. The sky, while bright, does not suggest sunshine and hope but rather a harsh, unyielding light or a suffocating atmosphere that weighs heavily on the scene. There's a distinct absence of vibrant greens or blues that might suggest life or tranquility; instead, the colors contribute to a sense of aridness and decay.

Furthermore, the overall composition and lack of living figures contribute significantly to the feeling of isolation and loneliness. The expansive, empty landscape stretches out, emphasizing the profound solitude of the ruins. The sparse, somewhat withered vegetation in the foreground reinforces the theme of a world that is not thriving but rather fading. This absence of life, coupled with the monumental but ruined structures, creates a poignant sense of what has been lost and the quiet despair of a world left behind. The sadness is not acute or violent, but rather a deep, lingering, existential melancholy, a quiet lament for forgotten histories and the inevitable march of entropy."
19Rembrandt-MilitaCompany.jpeg,leslie,1.0,"The painting, ""The Night Watch"" by Rembrandt, exhibits an extremely low degree of sadness. This conclusion is drawn from a thorough analysis of several key aspects:

Firstly, the **expressions and postures of the figures** within the painting do not convey any sense of sorrow, grief, or melancholy. The central figures, Captain Frans Banninck Cocq and Lieutenant Willem van Ruytenburch, appear engaged in conversation and command, displaying expressions of determination and purpose. The surrounding militiamen are shown in various stages of activity – preparing their weapons, looking out, or conversing – all indicative of readiness and action rather than despair. There are no downtrodden faces, no tears, and no body language typically associated with sadness (e.g., slumped shoulders, wringing hands).

Secondly, the **overall atmosphere and narrative** of the painting are dynamic and bustling, depicting a civic guard company mobilizing. This is a scene of organized activity and collective purpose, meant to portray the strength and pride of the civic militia. There is no underlying narrative of loss, tragedy, or suffering presented; instead, it is a moment captured in time, full of vitality and movement.

Thirdly, while the painting is known for its **dramatic use of chiaroscuro** (strong contrasts between light and dark), the dark areas primarily serve to create depth, emphasize the illuminated figures, and heighten the sense of drama and movement. They do not evoke a somber or mournful mood, nor do they suggest despair. The vibrant colors used"
28Monet-theGrainstack.jpg,leslie,5.0,"The painting primarily evokes feelings of warmth, tranquility, and the ephemeral beauty of light at a specific time of day, likely sunset or sunrise. The dominant color palette consists of vibrant pinks, purples, oranges, and yellows, which are typically associated with cheerfulness, energy, and warmth, rather than sadness. There are no somber blues, heavy grays, or dark, foreboding tones that commonly convey melancholy or despair. The subject, a lone haystack in a field, is depicted with an almost reverential quality of light, appearing grounded and peaceful rather than isolated or desolate. While the theme of ""end of summer"" or ""end of day"" might inherently suggest the passing of time, this is presented more as a natural cycle or a moment of quiet reflection rather than a cause for sorrow or loss. The visible, lively brushstrokes, characteristic of Impressionism, capture the dynamic quality of light and atmosphere, contributing to a sense of vitality rather than stagnation or gloom. Any potential hint of sadness is extremely minimal and would stem from a highly subjective interpretation of the passage of time, rather than any direct visual cues of sorrow, loss, or hardship. The overwhelming impression is one of natural beauty and a vibrant interplay of light and color."
29Klee-AdMarginen.jpeg,leslie,22.0,"The painting conveys a very subtle, almost imperceptible sense of sadness, operating primarily as an undertone rather than a prominent emotional force. This mild impression of sadness stems largely from the overall muted and earthy color palette, dominated by faded yellows and ochres, which evokes a sense of quietude, antiquity, or even a somber contemplation, rather than vibrant joy or excitement. The textured surface, akin to aged parchment, further contributes to a feeling of timelessness or a world that has seen many days, which can sometimes carry a quiet wistfulness. The abstract and enigmatic forms throughout the composition do not convey explicit narratives of distress or despair, but neither do they express overt happiness or dynamism. Instead, they exist in a state of quiet solitude, with isolated elements like the prominent central red circle that could be interpreted as a setting sun, symbolizing an end, or a weighty, solitary presence. The general stillness and lack of overt interaction among the disparate figures contribute to a sense of introversion or quiet observation, which can sometimes border on a gentle melancholy for some viewers. However, it's crucial to note that this sadness is extremely mild and not a dominant emotion; it is more of a contemplative solemnity that, when viewed through a lens seeking only sadness, offers a faint trace of wistfulness or a subdued mood."
33Renoir-BalduMoulindelaGalett.jpg,leslie,0.0,"This painting, ""Bal du moulin de la Galette,"" exhibits no discernible elements that would evoke or convey sadness. On the contrary, the entire composition radiates joy, conviviality, and a vibrant sense of life. The scene depicts a lively outdoor dance hall filled with people engaged in conversation, laughter, and dancing. Figures are shown with animated postures and expressions, many of them smiling or looking engaged in pleasant social interaction. The dappled sunlight filtering through the trees creates a bright, airy atmosphere, utilizing a palette of warm and inviting colors. There are no solitary figures appearing isolated or withdrawn, no somber tones, no expressions of grief, worry, or despair on any of the faces. Every aspect of the painting, from the lively subject matter to the cheerful color scheme and dynamic poses, contributes to an overwhelming sense of happiness and leisure, leaving no room for an interpretation of sadness."
36VanEyck-Rinaldo.jpg,leslie,0.5,"The painting, depicting a mythological or allegorical scene, conveys no discernible elements of sadness. The central figures, including the prominent female figure and the kneeling male, exhibit expressions that range from contemplative and serene to adoring or supplicant, but none convey sorrow or distress. The surrounding putti are engaged in playful or supportive roles, further contributing to an atmosphere devoid of melancholy. The lighting is bright and dramatic, highlighting the figures rather than casting them in shadow or gloom. There are no visual cues such as weeping, downtrodden postures, scenes of loss, or somber color palettes that typically evoke sadness. The overall mood appears to be one of affection, beauty, or mythological narrative, and entirely lacking in any undertones of sorrow or grief."
38Eyck-Virgin.jpg,leslie,5.0,"The painting evokes very little, if any, discernible sadness. The overall atmosphere is one of profound reverence, solemnity, and a serene spiritual encounter rather than sorrow. The figures' expressions do not convey sadness: the Virgin Mary's gaze is downcast and contemplative, but peaceful; the Christ Child looks out directly with a calm, almost curious expression; and Canon Van der Paele's face is serious and focused in prayer, indicative of devotion and piety, not grief or unhappiness. There are no tears, mournful postures, or overt gestures of sorrow from any of the subjects. The vibrant and rich colors, particularly the deep reds and blues, contribute to a sense of divine majesty and earthly splendor, which are not typically associated with sadness. The detailed and expansive landscape visible through the arches adds to the scene's grandeur and a feeling of peace, rather than melancholy. While the painting is a devotional piece commissioned by a man who was ill, his depiction is one of steadfast faith and hope, aiming for spiritual benefit, not to evoke pity or sorrow from the viewer regarding his condition. The angelic presence and the sacred nature of the ""Holy Conversation"" further emphasize a sense of grace and divine presence, which are antithetical to a feeling of sadness. Any minimal hint of sadness might only arise from a highly abstract interpretation of human mortality inherent in the donor portrait context, but this is not visually manifested as an emotional state within the painting itself."
46monet_poplars_epte.jpeg,leslie,2.0,"The painting presents a vibrant and luminous landscape, dominated by a row of tall, slender trees under a bright blue sky. The color palette is rich and warm, featuring lively greens and yellows in the foliage and earth, complemented by the vivid blue of the sky and hints of orange on the sun-kissed tree trunks. There are no visual elements commonly associated with sadness, such as dark or muted colors, stormy or overcast skies, desolate settings, or figures expressing sorrow. The composition feels open and airy, conveying a sense of natural vitality and peacefulness rather than despair or melancholy. The strong vertical lines of the trees and the clear, expansive sky contribute to an uplifting or serene atmosphere. Consequently, the painting inherently lacks any artistic or thematic components that would evoke or resonate with feelings of sadness, positioning it at an extremely low point on the scale for this emotion."
49Schiele-Rainerbub.jpg,leslie,72.0,"The painting conveys a significant degree of sadness, though it is not expressed through overt tears or a traditional frown, but rather through a profound internal melancholy and vulnerability. The subject's large, dark, and somewhat sunken eyes are particularly impactful, appearing haunted, weary, and carrying a heavy burden of emotion. The dark rings under the eyes further emphasize this sense of fatigue or despondency. While the mouth is subtly parted and not overtly downturned, it contributes to an ambiguous expression that leans away from joy and towards a quiet, unsettling vulnerability, almost a fixed, pensive pout. The overall facial structure, characteristic of Schiele's Expressionistic style, features angular lines and a fragile appearance, suggesting a delicate emotional state prone to sorrow. The slumped or elongated posture of the figure, enveloped in the voluminous, somber red garment, adds to a sense of weight and perhaps a quiet resignation. The hands, while active, do not convey strength or comfort, but rather a slight awkwardness or yearning that can be associated with emotional unease. The overall atmosphere generated by the stark contrasts, the intense psychological gaze, and the unidealized portrayal creates a strong feeling of introspection and emotional depth, frequently leaning into states of anxiety, alienation, and a profound, internal sadness. It is a deep, internalized sorrow rather than a momentary display."
53cezanne-still-life-basket.Jpg,leslie,2.5,"The painting, a still life by Paul Cézanne, primarily engages the viewer through its masterful exploration of form, volume, and color, rather than through emotional narrative. There are no direct visual cues that typically evoke sadness, such as somber figures, desolate landscapes, themes of loss or decay, or exceptionally dark and muted palettes. The fruits appear ripe and abundant, the tablecloth is white and clean, and the overall composition, while formally complex with its shifting perspectives and slightly unstable arrangement, does not convey a sense of gloom or despair. The colors are vibrant and rich, contributing to a sense of visual dynamism and solidity rather than melancholy.

The very slight potential for any feeling remotely linked to sadness is extremely subtle and indirect, perhaps stemming from a highly abstract interpretation of the inanimate nature of the objects or the somewhat disorienting spatial relationships which could, for some, evoke a *minor* sense of detachment or formal tension rather than an overt emotional response of sorrow. However, this is a tenuous link and far from a direct experience of sadness. The painting is an intellectual and visual exercise in perception, rather than an emotional outpouring. Therefore, the score for sadness is very low, reflecting the almost complete absence of elements that would typically elicit this emotion."
54Claude_Monet.jpg,leslie,7.0,"The emotion of sadness is present to an extremely minor degree in this painting, almost imperceptibly, and is vastly overshadowed by feelings of awe, tranquility, and beauty. The primary element contributing to any sense of sadness is the depiction of dusk or sunset. Sunsets, while often beautiful and majestic, inherently represent an ""ending""—the conclusion of the day and the gradual fading of light into night. This can evoke a very subtle, almost philosophical, wistfulness or a gentle melancholy for the transient nature of time and beauty. The silhouetted forms of the buildings and the island, rendered in dark, indistinct masses against the vibrant sky, further contribute to this feeling of a quiet, fading presence rather than a lively, detailed scene. They stand as enduring, yet somber, witnesses to the fleeting spectacle of light. However, it is crucial to emphasize that this is a profoundly subtle undercurrent. There are no overt visual cues typically associated with strong sadness, such as muted or cold color palettes (the painting is dominated by warm, luminous oranges, yellows, and reds), expressions of despair, desolate landscapes, or scenes of loss. The overwhelming impression is one of breathtaking, radiant beauty and peaceful contemplation, which tends to negate or diminish any potential for significant sadness. The impressionistic style, with its focus on light and atmosphere, often prioritizes sensory experience over deep emotional narrative, further reducing the likelihood of intense emotional responses like sadness. Therefore, while a fleeting sense of pensiveness related to transience might be felt by some, it does not constitute a significant or dominant emotional component of the artwork."
61Monet-The-Water-Lily-Pond.jpg,leslie,1.0,"The painting presents no discernible elements that evoke sadness. Its vibrant palette, rich with greens, yellows, oranges, and reds, along with the bright reflections on the water, convey a sense of natural vitality and light. There is an absence of visual cues typically associated with sorrow, such as somber or muted tones, a heavy or oppressive atmosphere, or desolate subject matter. The lush vegetation, the serene water lilies, and the gracefully arched bridge all contribute to an overall impression of peace, beauty, and flourishing life. The energetic, broken brushwork, characteristic of Impressionism, captures the fleeting moments of light and color, focusing on sensory experience rather than internal emotional states of melancholy or grief. The scene is one of harmony and natural abundance, offering no suggestion of loss, longing, or despair."
64van-gogh-self-portrait.jpeg,leslie,88.0,"The depiction of profound sadness in this self-portrait is strikingly evident and deeply affecting. The most immediate and forceful indicator is the prominently bandaged ear, a stark visual testament to physical injury and, by strong implication, a deeply distressing event or ongoing suffering. This woundedness instantly evokes a sense of pity and sorrow for the subject's plight. Furthermore, Van Gogh's facial expression conveys a profound, internalized melancholy. His eyes are downcast, almost vacant, suggesting a mind preoccupied with internal pain rather than engagement with the outside world. The corners of his mouth are drawn into a subtle, rigid line, indicative of weariness and a lack of joy or contentment. There is no hint of comfort or ease; instead, his posture and gaze exude a quiet, enduring sorrow. The overall subdued palette contributes to this somber mood, creating an atmosphere heavy with the weight of experience and adversity. This is not a dramatic, outward display of grief, but rather a poignant, deeply felt sadness that emanates from the core of the subject's being, leaving the viewer with an undeniable sense of tragedy and human vulnerability."
65poppiesClaude_Monet_037.jpg,leslie,5.0,"The painting does not evoke any significant feelings of sadness. The scene depicts a bright, open poppy field under a clear, somewhat cloudy sky, suggesting a pleasant, perhaps summery, day. The dominant colors are vibrant reds of the poppies, fresh greens of the field, and a cheerful blue of the sky and the woman's parasol. These colors are typically associated with liveliness and nature's beauty rather than somber moods. The figures, a woman with a child and another child further up the slope, appear to be enjoying a leisurely stroll in the countryside. Their postures are relaxed, and there are no discernible facial expressions or body language cues that convey distress, grief, or any form of sorrow. The overall atmosphere is one of tranquility and natural beauty, devoid of any elements that might suggest a narrative of loss, melancholy, or hardship. There is nothing in the light, composition, or subject matter that hints at sadness; instead, it projects a sense of peaceful enjoyment."
68_5174410_happy3lambs.jpg,leslie,0.0,"The painting evokes absolutely no sense of sadness. On the contrary, it projects feelings of innocence, warmth, and peace. The scene features three small lambs nestled together, looking up at a vibrant, expansive field of blooming flowers in cheerful hues of yellow, orange, pink, and red. The lambs appear calm and content, possibly in awe or simply enjoying the beauty around them. Their huddled posture suggests comfort and safety, not distress or loneliness. The bright and varied color palette, combined with the subject matter of innocent animals and flourishing nature, creates an overwhelmingly positive and idyllic atmosphere. There are no elements within the composition—such as dark colors, somber expressions, solitary figures, or signs of struggle or loss—that would typically trigger a feeling of sadness. The overall impression is one of gentle joy and serene beauty."
69vanGogh_Starry_Night_Over_the_Rhone.jpg,leslie,5.0,"The emotion of sadness is largely absent in ""Starry Night Over the Rhone."" While the painting depicts a night scene, which can sometimes be associated with introspection or solitude, the overall impression is one of serene beauty and vibrancy rather than sorrow or melancholy. The deep blues and purples of the night sky and water, while cool tones, are rich and luminous, not somber or oppressive. The multitude of bright, almost bursting yellow and orange lights from the city and the brilliantly depicted stars infuse the scene with warmth, energy, and a sense of wonder. These luminous elements actively counteract any potential for sadness that might arise from the darkness of night. The reflections of the lights on the water are dynamic and lively, suggesting movement and vitality. Furthermore, the two figures in the foreground appear to be strolling companionably, indicating presence and connection rather than isolation or dejection. Their posture does not convey despair or grief. The scene evokes a feeling of peace, contemplation, and the majesty of a clear night, far removed from any sense of sorrow or woe. The brushwork, though characteristic of Van Gogh's emotional intensity, here manifests as a vibrant, textural portrayal of light and water, contributing to the overall sense of awe rather than distress. Therefore, the emotional resonance of sadness is extremely minimal, almost negligible, overridden by feelings of tranquility, awe, and perhaps a quiet joy in the beauty of the moment."
71Hundertwasser Poster.jpg,leslie,15.0,"The painting, with its vibrant and diverse color palette dominated by rich yellows, oranges, reds, and blues, inherently resists a strong sense of sadness. The overall composition is dense, energetic, and highly intricate, creating a feeling of vibrant activity and interconnectedness rather than somberness or despair. Figures throughout the piece are highly stylized and abstract; while they possess human-like forms, their ""faces"" do not convey explicit expressions of sorrow, grief, or despondency. There are no downtrodden postures, muted tones, or desolate scenes typically associated with the emotion of sadness.

The most direct visual element that could be loosely associated with sadness is found at the bottom center, where a large, somewhat personified form appears to be ""crying"" a river of blue, dotted with numerous small yellow boats. While tears are a common manifestation of sadness, their depiction here is highly symbolic and transformative; these are not tears of raw, immediate anguish, but rather a functional, flowing body of water that supports life (the boats). This visual metaphor lessens the emotional impact of sadness, making it more an abstract concept or a generative process than a feeling of profound sorrow. The busy and almost fantastical nature of the entire scene further dilutes any potential for overwhelming sadness. Therefore, while a symbolic hint of tears is present, the overwhelming visual evidence points away from a strong emotional evocation of sadness."
73painting-10.jpg,leslie,1.5,"The painting evokes virtually no sense of sadness. The dominant emotion conveyed is one of wonder, creativity, and vibrant fantasy. The color palette is rich and effervescent, featuring bright blues, reds, purples, yellows, and greens, which are typically associated with joy, energy, and imagination rather than melancholy or sorrow. The central figure, a young woman, appears serene and deeply absorbed in playing her flute, her expression calm and focused, without any hint of distress or unhappiness. The music emanating from the flute transforms into a swirling, cosmic tapestry filled with colorful nebulae, planets, and sparkling stars, suggesting creation, limitless possibilities, and enchantment. Further contributing to the lack of sadness are the numerous fantastical and joyful elements depicted: graceful butterflies, dancing figures, children happily floating in a boat, birds, blooming flowers, and even a figure riding a horse atop a conch shell, all contributing to an atmosphere of dreams and fantasy. There are no somber tones, downturned expressions, or narrative elements that suggest loss, pain, or any form of despair. The overall impression is overwhelmingly positive and magical, leaving little to no room for feelings of sadness."
74painting-02.jpg,leslie,0.5,"The painting conveys virtually no sense of sadness. The central figure's expression is one of serenity, contemplation, and perhaps quiet contentment, with a gentle upward gaze and a subtle, soft smile. There are no downturned features, furrowed brows, or any other visual cues typically associated with sorrow or melancholy. The eyes are bright and open, not tearful or clouded by distress.

Furthermore, the overall mood and imagery strongly contradict sadness. The vibrant and warm color palette, dominated by golden yellows, lush greens, and an array of cheerful flowers (sunflowers, daisies), evokes feelings of warmth, life, and natural beauty. The scenes depicted within the hat portray idyllic pastoral life, community gatherings, gentle labor, and leisure activities, all presented in a soft, nostalgic sepia tone that suggests pleasant memories or peaceful daydreams. There are no elements of loss, struggle, or hardship. The presence of butterflies and bountiful harvest imagery further reinforces a feeling of lightness, abundance, and simple joys. The entire composition emanates a peaceful, hopeful, and subtly joyful aura, making any interpretation of sadness highly improbable. The minimal score of 0.5 acknowledges the *most minor* theoretical space for a subjective interpretation of pensiveness that might lean *ever so slightly* towards wistfulness, but it is overwhelmingly overshadowed by positive and serene emotions."
75art-nouveau-cat-painting.jpg,leslie,0.5,"The painting evokes virtually no sense of sadness. The dominant color palette consists of vibrant and cheerful hues, including radiant oranges and yellows framing the cat, lush greens for the foliage, and bright red poppies. These colors inherently convey a sense of warmth, vitality, and often joy or serenity, rather than melancholic emotions. The cat's expression is calm and neutral, its eyes bright and alert, showing no discernible signs of sorrow, loneliness, or distress. The presence of butterflies, typically symbols of transformation, hope, and lightness, further contributes to an uplifting and whimsical atmosphere. The flowing, organic lines and decorative elements reminiscent of Art Nouveau style lend a harmonious and almost dreamlike quality, but not one tinged with sadness. There are no dark, muted tones, somber themes, or mournful imagery that would typically elicit feelings of sadness. The overall impression is one of peaceful beauty, natural abundance, and vibrant life, leaving no room for a feeling of sadness to emerge. A score slightly above 0 is given only to acknowledge the theoretical possibility of a subjective, highly idiosyncratic personal interpretation, but objectively, the visual cues do not support it."
76walker-1.jpg,leslie,5.0,"The painting does not evoke a sense of sadness. The dominant visual elements are a highly saturated and vibrant color palette, including bright reds, oranges, yellows, blues, and purples, which generally convey energy, excitement, or dynamism rather than sorrow. The expressive, almost chaotic brushstrokes and splatters add to this energetic feel, contrasting sharply with the somber, muted tones or subdued composition typically associated with sadness. While the subject's expression is contemplative and perhaps a little introspective, it lacks any overt cues of sadness such as downturned eyes, a frown, or a sense of melancholy. The upward gaze could be interpreted as hopeful or reflective, but not specifically sorrowful. There are no visual elements like tears, a heavy atmosphere, or drooping lines that would suggest grief or despair. The overall impression is one of vivid life and perhaps internal thought, but distinctly devoid of sadness. The very low score reflects the near complete absence of visual triggers for this emotion."
78imari.jpg,leslie,3.0,"The painting depicts a tiger in a traditional East Asian style, characterized by bold lines, a vibrant orange and black palette, and a luminous gold background. There are very few elements within the artwork that evoke or suggest the emotion of sadness. The tiger's posture is strong and purposeful, not slumped or dejected. Its body language conveys presence and a certain power rather than vulnerability or sorrow. While the eyes are stylized, they primarily convey an alert, intense, or watchful gaze, typical of a predatory animal, rather than any discernible expression of melancholy or grief. There are no visual cues such as drooping features, tears, or a sense of weariness that are typically associated with sadness in artistic depictions. The overall impression of the painting is one of strength and vitality, further diminishing any interpretation of sadness. Any perceived sadness would be an extremely subjective projection onto the stylized features, with almost no visual support from the artwork itself."
80il_570xN.jpg,leslie,3.5,"The painting evokes a sense of quiet serenity and natural elegance rather than overt sadness. The muted palette, consisting primarily of shades of grey and black for the leaves, reddish-brown for the stems, and white for the delicate flowers, is characteristic of ink wash painting and does not inherently convey sorrow. While dark tones can sometimes be associated with somber moods, here they are used to depict natural foliage and contribute to a contemplative atmosphere rather than one of grief or despair. The plant itself appears healthy and vibrant, with no signs of wilting, decay, or struggle that might induce feelings of sadness. There are no narrative elements or human figures experiencing distress or loss. Any extremely faint flicker of sadness might arise only from a highly subjective interpretation of the ephemeral nature of delicate flowers or the subdued color scheme as lacking vivacity, but this is a very indirect and tenuous connection, and certainly not the dominant emotional message. The overall impression is one of peaceful observation and botanical study, contributing minimal to no sense of sadness."
82African-Art-Paintings-002.jpg,leslie,3.5,"The painting, with its vibrant and warm color palette dominated by oranges and reds, does not primarily evoke sadness. The figures are stylized, lacking detailed facial expressions that might convey sorrow. Their postures are upright and purposeful, engaged in daily activities such as carrying goods, tools, and children, which suggests routine and endeavor rather than despair or suffering. There are no visual cues typically associated with sadness, such as tears, slumped shoulders, desolate environments, or signs of struggle or loss. Any potential for sadness arises not from the painting's direct portrayal, but perhaps from an observer's external projection onto the depicted scene, possibly empathizing with what might be perceived as a life of constant labor or responsibility, especially for the women carrying children. However, the artwork itself does not actively present these aspects as burdensome or sorrowful; rather, it portrays them as an integral part of life. Therefore, the evocation of sadness is extremely minimal, almost negligible, and not a central emotional response intended or conveyed by the artwork's visual elements."
84_7-CV-50.jpeg,leslie,75.0,"The emotion of sadness is quite prominent, primarily conveyed through the central figure's facial expression and the painting's overall atmosphere. The man's eyes are downcast and heavy-lidded, reflecting a profound weariness or melancholy. The subtle downturn of his mouth and the visible lines around his eyes suggest a deep-seated burden or sorrow, rather than mere fatigue. His gaze lacks vibrancy and seems introspective, detached, and weighed down by life's realities. Furthermore, the turbulent blue waters and the menacing shark in the background imply a harsh and dangerous environment, suggesting that the act of fishing is a struggle for survival rather than a prosperous endeavor. This struggle, underscored by the seemingly small fish he holds relative to the effort involved, contributes to a sense of hardship and potentially the futility or endlessness of his arduous labor. The overall cool tones of the blues and grays further enhance a somber and melancholic mood, reinforcing the quiet, enduring sadness emanating from the central figure's countenance and the implied difficulties of his existence. There is no hint of joy or triumph; instead, the painting evokes a contemplative and burdened state of mind."
85_2003_cuban_painting_alberto_4_la_cola.jpg,leslie,0.0,"The painting exhibits no discernible elements that evoke sadness. All figures are depicted with closed eyes and often pursed or rounded lips, conveying an impression of peaceful introspection, contentment, or deep thought rather than sorrow. There are no downturned mouths, furrowed brows, or tearful expressions typically associated with sadness. The exaggerated, plump features of the figures tend to lend a sense of softness, comfort, or even a lighthearted, amiable quality, which stands in direct contrast to feelings of grief or unhappiness. Furthermore, the warm color palette of yellows, oranges, and earthy tones does not contribute to a somber or melancholic mood. The body language of the individuals, whether reading, holding a cigar, or simply resting, appears relaxed and unburdened. There is no visual cue of isolation, despair, or any form of distress that would suggest sadness as an intended emotion. The overall atmosphere is one of quietude and perhaps a shared, calm moment, entirely devoid of any visual indicators of sorrow."
86original-paintings-two-lovely-australian-terrier.jpg,leslie,0.1,"The painting evokes virtually no sense of sadness. The two West Highland White Terriers depicted appear healthy, alert, and engaged. The dog on the left has a curious head tilt and a gentle, possibly playful expression, while the dog on the right looks directly forward with a slightly open mouth, suggesting contentedness or a light pant. Their eyes are bright and their ears are perked, indicating attentiveness rather than distress or sorrow. The setting is an outdoor, verdant environment with a tennis ball and another toy, implying a playful and carefree atmosphere. The lighting is natural and bright, and the color palette is cheerful, composed of warm greens, browns, and the dogs' bright white fur. There are no elements of struggle, loneliness, loss, despair, or any visual cues such as somber colors, downcast expressions, or desolate surroundings that would typically elicit feelings of sadness. The overall mood conveyed is one of companionship, tranquility, and innocent joy."
87the_dawn.jpg,leslie,17.5,"The painting does not evoke a strong sense of sadness, as the dominant feeling conveyed by the central figure is one of graceful movement, ethereal fluidity, and perhaps a dream-like state. However, there are very subtle elements that contribute to a low, almost imperceptible, degree of sadness or pensiveness. The central figure's eyes are closed or cast downwards, and her hand is gently placed on her head, which can be interpreted as a gesture of introspection or quiet contemplation. This inward focus, while not overtly sorrowful, can suggest a reflective mood that might carry a faint undertone of melancholy or wistfulness, rather than overt joy or distress. The background, composed of swirling blues, can sometimes be associated with melancholy, but in this context, it primarily serves to create a mystical, watery, or celestial atmosphere. There are no clear visual cues such as tears, a downturned mouth, or a heavy, slumped posture that would signify overt sadness. Therefore, any perceived sadness is extremely minimal, an almost subliminal suggestion of quiet introspection rather than an expressed emotion of sorrow or grief."
88look-of-Egyption-750x1024.jpg,leslie,5.0,"The painting conveys a negligible amount of sadness, if any at all. The central figure, reminiscent of Nefertiti, has a composed and somewhat contemplative expression, with her gaze directed upwards. There are no visual cues typically associated with sadness, such as downturned eyes or mouth, tears, a furrowed brow, or a somber posture. Her bearing is upright and regal, suggesting dignity or thought rather than sorrow. The color palette, featuring vibrant blues, reds, and golds, is rich and regal, contributing to an impression of life, power, or mystery, rather than melancholy or despair. The surrounding elements, including the majestic black cat, the scarab beetle, and the staff, further evoke ancient Egyptian symbolism, often associated with divinity, protection, or the afterlife, but not inherently with sadness. There is no mournful imagery or atmosphere that would evoke feelings of sorrow or grief. Any perceived hint of sadness would likely be an extremely subjective and tenuous interpretation of the subject's thoughtful gaze, rather than an explicit emotional message conveyed by the artist."
89timthumb.jpg,leslie,35.2,"The image evokes a notable, though not overwhelming, sense of sadness primarily through its profound emphasis on isolation and solitude. The sharp, jagged mountain peak stands alone, piercing through an immense, seemingly endless sea of clouds, creating a powerful visual metaphor for being utterly apart. There are no other peaks nearby, no signs of life, nor any discernible path to or from this singular structure, amplifying a feeling of profound loneliness. The dramatic, almost somber sky, with its mixture of dark, heavy clouds and the intense light of a setting or rising sun, contributes to a melancholic atmosphere rather than one of joy or hope. While the colors are striking, they contribute to a sense of grand isolation rather than warmth or comfort. The sheer scale and unapproachability of the scene, combined with the singular, unyielding form of the peak, suggest a deep, quiet wistfulness or the poignant weight of being perpetually alone in a vast and indifferent world."
91landscape-painting-6.jpg,leslie,2.0,"The painting predominantly features vibrant yellows, bright greens, and warm oranges, illuminated by a strong, almost ethereal light source in the background. These colors and the overwhelming presence of light are typically associated with feelings of joy, hope, renewal, and vitality, rather than sadness. The path leading towards this bright light suggests a journey towards something positive or optimistic, further diminishing any sense of despair or sorrow. There are no dark, heavy, or muted tones that would traditionally convey a somber or melancholic mood. The brushwork, while textured, contributes to a lively and energetic feel, contrasting with the stillness or solemnity often linked to sadness. The scene lacks any elements such as rain, fading light, decaying forms, or solitary figures in distress that might evoke a sense of melancholy or grief. Therefore, sadness is almost entirely absent from the emotional palette of this artwork."
94-realistic-painting-musician.jpg,leslie,88.0,"The depiction of sadness in this painting is profound and central to its emotional impact. The man's entire posture conveys a deep sense of sorrow and introspection: his head is heavily bowed and resting against the body of his guitar, almost as if seeking comfort or shedding a burden onto the instrument. This act of leaning on the guitar suggests a complete absorption in his emotional state, finding solace or expressing his inner turmoil through his music. His face, though partially obscured and cast in shadow, appears drawn and solemn, with eyes downcast or closed, reinforcing a state of deep personal reflection and heavy-heartedness. There's no hint of anger, joy, or surprise; the focus is entirely on an internalized, quiet suffering. The subdued color palette, dominated by muted browns, blacks, and greys, further enhances the melancholic atmosphere, contributing to a sense of solemnity and a lack of vibrancy often associated with sadness. The overall composition creates a feeling of a solitary, contemplative moment where the subject is consumed by profound emotion. The loose string near his head could also subtly symbolize a frayed emotional state. While there are no overt tears, the sheer weight of his posture and the deeply inward focus strongly communicate a pervasive and intense sadness."
95Cherry_Ripe_1879.jpg,leslie,35.0,"The painting conveys a subtle, internalized sense of sadness, rather than an overt display of distress. The young girl's facial expression is notably unsmiling; her small mouth is closed, and her lips form a relatively straight line, devoid of any upward curve that would indicate happiness. Her large, round eyes gaze directly at the viewer with an intense, earnest stillness. This direct, unwavering gaze, combined with the lack of a smile, creates an impression of solemnity and a certain gravity. There's a quality of deep thoughtfulness or quiet contemplation in her expression that borders on pensive or wistful, leaning away from carefree joy. Her clasped hands reinforce this sense of stillness and contained emotion, suggesting a subdued posture rather than one of animation or exuberance. The dark, somber background further emphasizes this introspective mood, providing a serious backdrop against which the child's solemnity stands out. While there are no tears or clear signs of anguish, the overall impression is one of a quiet, perhaps profound, and unarticulated sadness or melancholy."
97Animal-Oil-Painting-Art-Painting-On-100-Canvas-AN-10013-A-.jpg,leslie,38.0,"The painting evokes a subtle and quiet sense of sadness rather than an overt display of distress. The elephant's immense form, rendered in dark, weighty tones against a lighter, more ethereal background, conveys a sense of profound gravity or a heavy presence. Its direct, unblinking gaze holds a solemn intensity, devoid of any express joy or lightness. This serious demeanor, coupled with the slightly muted or indistinct features around the eyes and face, contributes to an impression of quiet contemplation that verges on melancholy. The broad, somewhat drooping ears and the massive, solid presence can suggest a bearing of burden or a profound weariness. While there are no explicit signs of tears or anguish, the overall absence of warmth or liveliness in its expression and the somber weight of its form can subtly resonate as a deep, internalized sorrow or a reflective sadness."
98_009-113.jpeg,leslie,5.0,"The painting largely lacks elements typically associated with sadness, resulting in a very low score for this emotion. The dog's expression is calm and appears more pensive or contemplative than distressed; there are no signs of tears, drooping eyes, or a downturned mouth indicative of sorrow. Its posture is upright and alert, not cowering or withdrawn, and its body language does not suggest suffering or discomfort. Furthermore, the color palette is notably vibrant and bright, featuring clear blue skies, lush green grass, and energetic orange foliage, all of which evoke feelings of nature's beauty and vitality rather than melancholy. There are no narrative cues within the painting—such as a desolate setting, signs of loss, or isolation—that would imply a sad circumstance for the animal. While the dog's slightly tilted head and steady gaze might be interpreted by some as a very subtle, quiet pensiveness rather than outright joy, this is a very mild and subjective interpretation, providing only a minuscule contribution to any perception of subdued emotion and certainly not approaching genuine sadness. The overall impression is one of a healthy, calm animal in a pleasant, sunlit environment."
